CUST_NO,GENDER,BOD,PROVINCE
1000124,Female,1963-04-19,Khanh Hoa
1000329,Female,1988-07-13,Da Nang
1000384,Male,1992-07-14,Ha Noi
1000439,Male,1983-10-03,Binh Dinh
1000490,Female,1987-04-06,Ha Noi
1000552,Male,1965-11-07,Ha Noi
1000558,Female,1972-01-08,Ba Ria - Vung Tau
1000628,Female,1990-12-18,An Giang
1000635,Female,1978-05-25,Ha Noi
1000657,Female,1963-02-23,Phu Tho
1000716,Female,1983-11-19,Ha Noi
1000834,Female,1984-02-24,Binh Duong
1000853,Female,1996-08-13,Nam Dinh
1000915,Female,1992-12-03,Binh Duong
1000995,Female,1995-12-07,Thai Binh
1001526,Male,1994-08-30,Quang Tri
1001630,Male,1984-08-02,TP Ho Chi Minh
1001734,Male,1981-07-04,Ha Noi
1001985,Male,1980-11-18,Ha Noi
1002553,Male,1990-04-22,Binh Duong
1002685,Male,1939-04-22,Ha Noi
1002783,Male,1986-06-20,Ha Tinh
1002931,Female,1986-01-15,Binh Duong
1002979,Male,1975-10-19,Bac Giang
1003185,Male,1952-10-26,Nghe An
1004019,Male,1978-09-22,Ha Noi
1004091,Female,1960-06-27,Ha Noi
1005120,Male,1985-09-20,Khanh Hoa
1005249,Male,1961-05-22,Ha Noi
1005282,Male,1958-08-10,Ha Noi
1005295,Male,1991-03-24,Ha Noi
1005402,Male,1960-02-15,Ha Noi
1005459,Female,1965-08-17,TP. Ho Chi Minh
1005640,Female,1988-01-29,TP. Ho Chi Minh
1006106,Male,1964-12-19,Long An
1006216,Female,1985-05-21,TP. Ho Chi Minh
1006326,Female,1975-09-12,TP. Ho Chi Minh
1009090,Female,1973-05-27,Hai Phong
1009852,Female,1971-04-17,Kien Giang
1010115,Male,1961-12-23,Ha Noi
1048611,Female,1978-11-11,QUANG NINH
105640,Female,1971-09-13,Ha Noi
107753,Male,1980-03-09,TP. Ho Chi Minh
1077633,Male,1987-09-14,Bac Giang
1088238,Female,1971-02-26,Ha Tinh
1099897,Male,1968-07-21,TP. Ho Chi Minh
1113097,Male,1973-04-06,TP. Ho Chi Minh
1129187,Female,1989-08-05,TP. Ho Chi Minh
1137632,Male,1979-11-05,Ha Noi
1146947,Male,1976-10-22,Thai Nguyen
114975,Male,1963-03-14,TP. Ho Chi Minh
1160957,Female,1972-11-10,TP. Ho Chi Minh
116241,Female,1965-04-30,Khanh Hoa
1173747,Male,1985-03-14,Thua Thien - Hue
1176051,Male,1975-12-09,Dong Nai
1183652,Female,1992-02-10,Ha Noi
1206588,Male,1968-04-18,TP Ho Chi Minh
1207120,Male,1974-08-23,Quang Tri
1207417,Female,1987-09-28,Ha Noi
1211765,Male,1988-03-30,TP. Ho Chi Minh
1213757,Male,1987-11-26,Ha Noi
1214064,Male,1984-10-24,TP. Ho Chi Minh
1215402,Male,1982-10-13,TP Ho Chi Minh
1215525,Male,1977-07-04,Ha Noi
1222166,Male,1982-07-20,Ha Noi
1223890,Female,1992-04-16,Ha Noi
1242241,Male,1971-09-11,Ha Noi
1244675,Male,1975-06-16,TP Ho Chi Minh
124701,Female,1963-05-19,Ha Noi
1251924,Male,1987-10-29,Thanh Hoa
1279710,Male,1985-01-30,Ha Noi
1293240,Male,1985-07-08,TP Ho Chi Minh
1307246,Female,1990-11-14,TP. Ho Chi Minh
1317063,Male,1983-10-06,TP. Ho Chi Minh
1323068,Male,1974-04-17,Ha Noi
1333904,Female,1985-12-18,Bac Ninh
1334013,Female,1990-04-28,Ha Noi
1334630,Female,1991-06-20,Thanh pho Ha Noi
135294,Male,1963-02-02,Ha Noi
1355820,Male,1968-11-26,Ha Noi
1360303,Female,1989-10-22,Binh Thuan
1363682,Male,1985-10-09,TP Ho Chi Minh
1368147,Male,1977-02-19,TP Ho Chi Minh
1380277,Male,1977-09-06,TP. Ho Chi Minh
1380350,Male,1981-11-29,Ha Noi
1386773,Male,1985-07-04,Ha Noi
1401424,Male,1994-01-31,TP. Ho Chi Minh
140823,Female,1967-04-14,Ha Noi
1448414,Female,1988-03-06,Thai Binh
1453321,Female,1968-06-09,Thua Thien - Hue
1454238,Female,1991-10-07,Ha Noi
1455281,Male,1988-01-17,TP. Ho Chi Minh
1465702,Male,1992-01-12,TP HCM
1468927,Male,1958-07-05,TP. Ho Chi Minh
1471063,Male,1971-06-25,TP. Ho Chi Minh
1485691,Female,1959-12-09,Ha Noi
1509823,Male,1985-03-26,Dong Nai
1510100,Female,1965-12-30,Ha Noi
1523695,Male,1970-05-28,TP. Ho Chi Minh
1529870,Male,1993-03-07,TP. Ho Chi Minh
1557832,Male,1971-05-17,TP. Ho Chi Minh
1562377,Male,1994-02-04,HA NOI
1576860,Female,1969-12-29,TP. Ho Chi Minh
1585612,Male,1967-03-19,TP. Ho Chi Minh
1594240,Female,1979-05-27,Hoa Binh
1608372,Male,1978-07-13,TP. Ho Chi Minh
1626425,Female,1967-02-22,Quang Ninh
1627021,Male,1983-10-08,Ha Noi
1637054,Female,1988-03-30,Ha Noi
1650030,Female,1983-07-27,TP. Ho Chi Minh
1665663,Male,1982-10-10,TP. Ho Chi Minh
167059,Female,1959-09-29,Nghe An
1673420,Female,1996-04-16,TP. Ho Chi Minh
1675360,Female,1955-07-21,Long An
1715394,Female,1994-08-12,TP. Ho Chi Minh
1715758,Male,1968-05-28,TP Ho Chi Minh
1721808,Male,1991-10-18,Ha Noi
1723186,Female,1991-05-31,Long An
1723272,Male,1976-08-22,Ha Noi
1730913,Male,1977-03-10,TP Ho Chi Minh
1734434,Male,1982-10-22,TP. Ho Chi Minh
1746912,Male,1992-06-01,Ninh Binh
1748091,Male,1972-10-14,Nghe An
1748723,Female,1973-03-11,TP. Ho Chi Minh
1749340,Female,1992-01-20,Ha Noi
1749712,Male,1984-11-06,TP. Ho Chi Minh
1749908,Male,1974-02-16,Nam Dinh
1750120,Female,1989-04-02,Binh Duong
1750145,Female,1972-06-20,Binh Phuoc
1751790,Female,1983-05-28,Nam Dinh
1752090,Female,1995-04-23,Ha Noi
1753327,Male,1988-05-13,TP. Ho Chi Minh
1753351,Female,1984-12-16,Thai Binh
1753504,Female,1994-01-26,Quang Ninh
1753550,Female,1996-12-15,An Giang
1753804,Male,1991-11-20,Khanh Hoa
1754831,Female,1994-03-01,TP. Ho Chi Minh
1755640,Female,1994-09-13,TP. Ho Chi Minh
1756777,Female,1993-07-10,TP. Ho Chi Minh
1757157,Male,1980-03-01,TP. Ho Chi Minh
1758179,Male,1982-06-30,Quang Ninh
1760257,Female,1964-04-27,Ha Tinh
1761623,Male,1995-10-18,Ha Noi
1762194,Male,1986-01-26,TP. Ho Chi Minh
1762269,Female,1979-06-06,TP. Ho Chi Minh
1762501,Male,1980-10-11,TP. Ho Chi Minh
1762643,Male,1997-02-13,TP. Ho Chi Minh
1762863,Female,1973-03-29,TP. Ho Chi Minh
1763495,Male,1995-04-10,TP. Ho Chi Minh
1764118,Male,1993-09-03,Can Tho
1764638,Female,1985-08-10,Thai Binh
1765668,Female,1989-12-26,An Giang
1766366,Male,1986-12-01,TP. Ho Chi Minh
1767228,Female,1981-09-24,TP. Ho Chi Minh
1767538,Female,1961-03-09,Ha Noi
1768012,Male,1990-07-11,Long An
1768220,Female,1985-07-02,An Giang
1769574,Male,1991-12-30,Ha Noi
1000342,Female,1970-04-05,TP. Ho Chi Minh
1000357,Male,1956-08-05,TP. Ho Chi Minh
1000383,Male,1991-03-29,Ha Noi
1000705,Female,1995-04-29,Phu Tho
1000841,Male,1963-04-12,Ha Noi
1000845,Female,1984-03-22,Ha Noi
1000943,Female,1995-04-24,Phu Tho
1000954,Female,2014-03-29,Quang Tri
1001124,Male,1987-08-07,Nghe An
1001573,Female,1980-09-07,Da Nang
1001622,Female,1986-07-23,Ba Ria - Vung Tau
1001775,Female,1992-11-04,Thai Binh
1001845,Male,1994-10-08,TP. Ho Chi Minh
1002033,Male,1967-05-22,TP. Ho Chi Minh
1002103,Male,1990-02-16,Ha Noi
1002619,Female,1983-06-29,Binh Duong
1002627,Male,1965-08-15,Thanh pho Ha Noi
1003130,Male,1960-05-20,Ha Noi
1003476,Male,1982-08-19,Ha Noi
1003688,Female,1982-09-17,TP. Ho Chi Minh
1004985,Male,1992-05-15,Ha Noi
1005372,Female,1990-01-12,Ha Noi
1005427,Male,1990-11-22,Ha Noi
1005534,Male,1989-01-27,Ha Noi
1005682,Male,1986-10-01,TP. Ho Chi Minh
1005704,Male,1972-01-11,Khanh Hoa
1005943,Male,1987-09-23,Ha Noi
1006478,Male,1968-09-29,Ha Noi
1006660,Male,1987-11-11,Ha Noi
1006747,Male,1979-05-28,Ha Noi
1006821,Male,1990-03-02,Ha Noi
1006909,Male,1986-09-01,Ha Noi
1009186,Female,1986-11-23,Ha Noi
1009279,Male,1990-07-18,TP. Ho Chi Minh
1009620,Female,1969-07-16,TP. Ho Chi Minh
1009698,Male,1960-10-27,TP. Ho Chi Minh
1010185,Female,1966-01-13,Hoa Binh
1010838,Male,1975-11-05,Ha Noi
1017782,Male,1975-05-20,Ha Noi
1020066,Male,1971-07-16,Hoa Binh
1025228,Female,1971-02-23,Ha Noi
1051563,Female,1962-04-03,TP. Ho Chi Minh
1054399,Male,1990-05-21,Ha Noi
1073973,Male,1966-09-07,TP Ho Chi Minh
107566,Female,1959-10-27,Hai Phong
1077628,Male,1994-04-30,Ha Noi
1078972,Female,1984-10-06,TP Ho Chi Minh
1082681,Male,1964-10-28,TP. Ho Chi Minh
1102953,Female,1973-06-19,TP. Ho Chi Minh
1105131,Female,1971-06-13,TP. Ho Chi Minh
1130369,Male,1988-10-07,TP Ho Chi Minh
1155752,Male,1982-08-26,Hai Phong
1218769,Female,1992-06-10,Dong Nai
1227598,Female,1973-08-10,Da Nang
1235402,Female,1977-02-15,Ha Noi
1240311,Male,1979-04-03,Nghe An
1240547,Male,1992-05-26,Ha Noi
1246701,Female,1976-05-10,Binh Duong
1257861,Male,1982-11-15,Ha Noi
1261126,Female,1990-03-23,TP. Ho Chi Minh
126843,Male,1974-01-16,Ha Noi
1269050,Male,1991-05-09,TP. Ho Chi Minh
1272702,Male,1977-07-23,Hai Phong
1274859,Male,1953-01-07,AN GIANG
1290786,Male,1991-05-11,Ha Noi
1293248,Male,1962-01-17,Vinh Long
1294881,Male,1986-12-26,TP Ho Chi Minh
1364498,Female,1975-04-08,TP Ho Chi Minh
1401800,Male,1970-07-17,Ha Noi
1406782,Female,1965-09-26,TP. Ho Chi Minh
1414807,Male,1960-01-20,Ha Noi
1426751,Female,1962-06-19,Ha Noi
1460585,Female,1957-05-03,Da Nang
1463530,Female,1988-03-25,TP Ho Chi Minh
1495549,Male,1992-02-20,TP. Ho Chi Minh
1511958,Male,1995-10-27,TP. Ho Chi Minh
1513433,Female,1972-03-24,TP. Ho Chi Minh
1527277,Male,1990-11-03,Phu Tho
1531811,Female,1966-04-06,Bac Ninh
1543421,Male,1992-01-06,TP. Ho Chi Minh
1547288,Female,1964-07-12,Ha Noi
1555130,Male,1970-09-08,Ha Noi
1558835,Female,1995-12-11,TP. Ho Chi Minh
1560624,Female,1979-02-20,TP. Ho Chi Minh
1578371,Male,1984-10-21,Thanh Hoa
1592388,Female,1996-10-17,Khanh Hoa
1608310,Male,1980-12-17,Ha Noi
1612024,Male,1981-05-27,Ha Noi
1633286,Female,1995-11-02,TP. Ho Chi Minh
1633866,Male,1984-07-15,Vinh Phuc
1653274,Male,1985-07-02,TP. Ho Chi Minh
1657321,Female,1972-12-14,Nghe An
167152,Male,1976-06-18,Ha Noi.
1676298,Male,1984-04-30,Thanh pho Ha Noi
1677627,Female,1991-03-14,Hai Duong
1680023,Male,1967-02-14,TP. Ho Chi Minh
1684738,Female,1968-04-17,TP. Ho Chi Minh
1707482,Female,1989-02-01,Da Nang
1710915,Female,1979-10-12,Ha Noi
1712723,Female,1976-01-16,Thua Thien - Hue
1714710,Female,1978-09-23,Quang Binh
1720569,Male,1996-08-29,Ha Noi
1720833,Female,1993-12-11,Dac Lac
1722697,Male,1987-06-19,TP Ho Chi Minh
1723411,Male,1988-05-08,Khanh Hoa
1725247,Female,1986-07-06,Hai Phong
1736360,Female,1975-06-19,TP. Ho Chi Minh
1738219,Female,1997-10-26,Binh Phuoc
1743783,Male,1971-07-29,Ha Noi
1746413,Male,1995-01-11,Da Nang
1746906,Male,1986-06-24,Ha Tinh
1747825,Male,1984-11-24,Hai Phong
1748433,Male,1997-06-03,Ha Tinh
1749025,Male,1992-08-08,TP. Ho Chi Minh
1750018,Female,1986-04-15,Hai Duong
1751483,Male,1990-09-13,Dong Thap
1751611,Male,1993-09-18,Ha Noi
1751928,Male,1988-11-13,Quang Ninh
1752736,Female,1991-03-16,Ha Noi
1753006,Female,1993-06-04,Ha Noi
1753709,Male,1994-12-31,Da Nang
1753951,Male,1962-06-03,Long An
1755160,Female,1978-09-17,Ha Noi
1756459,Female,1984-06-11,Ha Noi
1756747,Male,1996-09-25,TP. Ho Chi Minh
1756823,Male,1997-04-01,TP. Ho Chi Minh
1757940,Female,1986-11-18,TP. Ho Chi Minh
1758344,Male,1970-01-11,Can Tho
1758497,Female,1986-04-29,TP. Ho Chi Minh
1759207,Female,1994-06-15,Ha Noi
1759294,Female,1993-10-02,Ha Noi
1759493,Female,1994-12-10,TP. Ho Chi Minh
1760023,Female,1970-03-19,Ba Ria - Vung Tau
1762557,Female,1996-08-21,TP. Ho Chi Minh
1763335,Female,1982-07-24,TP. Ho Chi Minh
176478,Male,1984-10-28,TP. Ho Chi Minh
1764962,Female,1981-03-31,TP. Ho Chi Minh
1765041,Male,1969-04-25,Can Tho
1765293,Female,1974-07-03,TP. Ho Chi Minh
1765897,Female,1956-04-21,TP. Ho Chi Minh
1766528,Male,1995-04-14,Binh Duong
1766600,Male,1996-05-14,TP. Ho Chi Minh
1766947,Female,1984-11-15,TP. Ho Chi Minh
1767135,Male,1992-10-24,Binh Duong
1768816,Male,1985-03-17,HA NOI
1769201,Male,1993-01-31,TP. Ho Chi Minh
1769356,Male,1983-06-01,Hai Duong
1769500,Female,1993-02-01,TP. Ho Chi Minh
1769777,Male,1991-12-26,Ba Ria - Vung Tau
1770728,Male,1965-10-26,TP. Ho Chi Minh
1770892,Male,1963-06-13,Thanh pho Da Nang
1771127,Male,1982-04-29,Ha Noi
1771295,Male,1971-04-22,Thanh Hoa
1771956,Female,1989-03-31,Dong Thap
1772280,Male,1978-05-22,Binh Duong
1772355,Male,1975-06-15,Ba Ria - Vung Tau
1772468,Female,1977-05-24,Ha Noi
1774013,Female,1985-05-18,Bac Ninh
1769826,Female,1994-05-30,Binh Thuan
1769932,Male,1983-01-06,TP. Ho Chi Minh
1770639,Male,1978-01-29,Ha Noi
1771622,Female,1982-12-12,Thai Nguyen
1771636,Female,1984-03-23,Ha Noi
1771775,Female,1986-12-23,Ha Noi
1772456,Female,1992-01-10,Ha Noi
1773613,Female,1980-04-19,TP Ho Chi Minh
1774001,Female,1989-07-01,Quang Ninh
1774570,Male,1995-01-18,TP. Ho Chi Minh
1775401,Male,1970-02-13,TP. Ho Chi Minh
1775943,Female,1989-10-05,TP. Ho Chi Minh
1776092,Female,1978-07-23,Can Tho
1776668,Male,1981-02-19,Quang Ninh
1776784,Male,1997-02-01,Ha Noi
1777600,Female,1996-07-07,TP. Ho Chi Minh
1777626,Female,1993-12-28,TP. Ho Chi Minh
1780498,Male,1989-10-18,Ha Noi
1780998,Female,1979-11-22,TP. Ho Chi Minh
1782072,Male,1980-04-29,Can Tho
1782439,Female,1965-05-12,An Giang
1783904,Male,1991-02-02,Quang Ninh
1784735,Male,1988-06-23,Long An
1785093,Female,1958-07-14,Quang Nam
1785634,Female,1987-07-04,TP. Ho Chi Minh
1785683,Male,1975-03-17,TP Ho Chi Minh
1786590,Female,1973-11-04,Ha Noi
1787007,Female,1978-08-14,TP. Ho Chi Minh
1787019,Female,1979-02-10,TP. Ho Chi Minh
1788015,Female,1988-03-19,Dong Nai
1788511,Female,1971-07-20,Can Tho
1788530,Male,1971-03-04,TP. Ho Chi Minh
1788844,Female,1992-06-29,TP. Ho Chi Minh
1789686,Male,1992-12-10,Binh Dinh
1789995,Male,1972-05-16,Nghe An
1790536,Female,1981-11-02,Ha Noi
1791599,Male,1996-03-11,Binh Duong
1791993,Male,1996-08-24,TP. Ho Chi Minh
1792501,Female,1992-06-08,Ha Noi
1792956,Female,1985-10-20,Vinh Phuc
1794757,Male,1972-05-21,TP. Ho Chi Minh
1796960,Female,1971-01-09,Ha Noi
1797865,Male,1978-10-29,TP Ho Chi Minh
1798184,Female,1996-01-18,Long An
1799150,Male,1987-09-07,Ba Ria - Vung Tau
1799411,Male,1958-04-04,TP. Ho Chi Minh
1800302,Male,1989-12-04,Ha Noi
1800831,Male,1969-06-02,Ha Noi
1800905,Female,1993-07-14,Binh Duong
1801249,Male,1962-10-31,Can Tho
1801829,Male,1978-04-15,Vinh Phuc
1803758,Female,1990-12-04,An Giang
1818043,Male,1986-02-25,TP. Ho Chi Minh
1818734,Male,1983-10-21,Thanh Hoa
1832912,Male,1972-07-05,Thanh Hoa
1840902,Male,1992-02-08,Nam Dinh
1847651,Female,1978-02-05,Da Nang
18590,Male,1977-01-08,Ha Noi
185825,Female,1978-12-13,Thanh Hoa
1869409,Female,1970-05-17,Bac Giang
1878804,Male,1980-01-01,Ha Noi
1887168,Male,1983-06-04,Hai Phong
1897609,Male,1991-12-16,TP Ho Chi Minh
1927907,Male,1985-01-27,Ha Noi
1945791,Male,1983-07-21,TP. Ho Chi Minh
1957332,Male,1993-04-23,Ha Noi
1959516,Female,1969-11-09,Da Nang
1965425,Male,1965-06-27,Dong Thap
1978880,Male,1981-05-09,TP. Ho Chi Minh
1982919,Male,1989-01-10,TP. Ho Chi Minh
1985133,Female,1981-02-22,Hai Phong
2003535,Male,1976-01-13,TP Ho Chi Minh
2011740,Male,1975-08-30,Ha Noi
2027537,Female,1972-03-23,TP. Ho Chi Minh
2029581,Male,1960-06-11,TP. Ho Chi Minh
2037470,Female,1981-11-29,Quang Ninh
2038357,Male,1982-07-10,TP. Ho Chi Minh
2051927,Male,1972-11-03,Vinh Long
2059975,Male,1962-09-01,Ha Noi
2062752,Male,1991-07-12,Hai Phong
2072033,Male,1973-06-12,TP. Ho Chi Minh
2075331,Female,1969-08-21,Ha Noi
2075839,Male,1976-01-06,TP. Ho Chi Minh
208597,Male,1982-02-13,Thai Nguyen
2087968,Male,1991-10-07,Thanh Hoa
2089829,Female,1969-06-14,TP. Ho Chi Minh
2093222,Male,1992-12-09,Vinh Phuc
2094056,Male,1993-01-19,HUNG YEN
2094898,Male,1972-11-23,Tinh Binh Duong
2097114,Male,1983-11-13,Ha Noi
2100453,Female,1994-07-10,TP. Ho Chi Minh
2100765,Female,1983-08-01,Hai Duong
2104361,Male,1962-10-08,Thanh Hoa
2104451,Female,1978-04-19,Binh Duong
2106936,Female,1991-01-26,Long An
2107798,Female,1994-02-24,TP. Ho Chi Minh
2114798,Female,1984-05-26,Ha Noi
2121680,Male,1964-03-22,Nghe An
2123252,Male,1954-04-27,TP HCM
2123257,Male,1986-11-05,Long An
2127990,Male,1977-02-28,TP Ho Chi Minh
2129558,Female,1967-05-13,Bac Giang
2132711,Male,1986-02-17,TP. Ho Chi Minh
2133019,Female,1965-06-22,Da Nang
2133101,Female,1977-09-20,Ha Noi
2133776,Male,1974-06-28,Hai Duong
2133954,Male,1992-08-26,Ha Noi
2133984,Male,1986-10-17,Dong Nai
2134103,Female,1983-12-02,TP. Ho Chi Minh
2136397,Female,1992-10-15,Ha Noi
2136819,Male,1989-04-14,TP. Ho Chi Minh
2137589,Female,1992-08-14,TP. Ho Chi Minh
2138342,Female,1969-03-09,Nghe An
2138347,Male,1987-07-17,Nam Dinh
2138736,Male,1994-01-14,TP. Ho Chi Minh
2138766,Male,1989-05-14,Ha Noi
2139026,Female,1991-07-16,TP. Ho Chi Minh
2139029,Male,1993-09-11,Ha Noi
2139140,Male,1981-02-15,Thanh pho Ha Noi
2139637,Female,1989-06-06,Ha Noi
2139889,Female,1970-12-16,TP. Ho Chi Minh
2140035,Male,1989-08-21,Ha Noi
2140138,Female,1967-09-15,TP. Ho Chi Minh
2140387,Male,1981-09-28,Nam Dinh
2140443,Male,1981-12-30,Thanh Hoa
2141492,Male,1976-06-26,Ben Tre
2141797,Male,1984-11-15,Thua Thien - Hue
2141865,Male,1958-09-26,Vinh Phuc
2143847,Female,1988-07-20,Thua Thien - Hue
2144922,Female,1977-01-24,Ha Noi
2144999,Male,1983-07-03,Tinh Binh Duong
2145251,Male,1989-05-19,TP. Ho Chi Minh
2145476,Female,1970-04-28,Dong Nai
2145578,Female,1993-06-15,TP. Ho Chi Minh
2146011,Female,1985-11-13,Nam Dinh
2146619,Female,1995-08-07,Dac Lac
2146883,Female,1993-09-16,TP. Ho Chi Minh
2147613,Female,1989-02-28,TP. Ho Chi Minh
2147748,Male,1985-05-24,TP. Ho Chi Minh
2149345,Male,1990-03-09,An Giang
2150512,Male,1972-08-26,TP. Ho Chi Minh
2150758,Male,1975-08-28,An Giang
2150827,Male,1982-10-19,Thanh pho Ha Noi
2151423,Male,2000-03-27,Dong Nai
2151436,Female,1992-04-10,Dong Nai
2152147,Female,1986-10-26,Ha Noi
2157020,Male,1980-05-12,Thanh Hoa
2158728,Female,1995-10-21,TP. Ho Chi Minh
2158923,Male,1992-08-03,Ha Nam
2158926,Female,1988-05-26,Hau Giang
2158994,Female,1987-04-04,Binh Duong
2159361,Male,1992-09-30,Nghe An
2159860,Male,1982-07-18,Long An
2161608,Male,1980-02-11,KHANH HOA
2162600,Female,1980-01-19,Thanh pho Ha Noi
2163146,Male,1991-05-04,Thai Nguyen
2164998,Male,1987-09-27,Ha Noi
2165507,Male,1989-03-05,TP. Ho Chi Minh
2172828,Male,1979-01-31,Ba Ria - Vung Tau
2173102,Female,1981-11-15,Vinh Long
2174794,Male,1982-09-11,TP. Ho Chi Minh
2177147,Male,1979-03-24,Quang Nam
2182472,Female,1985-05-09,THANH HOA
2191443,Male,1989-09-16,Nam Dinh
2193734,Female,1971-08-23,Quang Ninh
2197454,Female,1992-09-11,Thanh Hoa
2198309,Female,1972-08-21,An Giang
2200675,Male,1966-03-01,TP. Ho Chi Minh
2205754,Male,1995-08-22,Thanh Hoa
2207837,Male,1984-04-03,TP. Ho Chi Minh
2209458,Male,1981-09-06,Tinh Long An
2210530,Male,1975-06-03,TP. Ho Chi Minh
2212734,Female,1979-06-30,Ha Tinh
2215376,Male,1978-05-31,TP. Ho Chi Minh
2215864,Male,1981-11-26,Thanh pho Ha Noi
2216148,Female,1958-10-05,TP. Ho Chi Minh
2221510,Female,1982-10-20,TP. Ho Chi Minh
2225584,Female,1978-01-12,Ha Noi
2226093,Female,1985-09-13,Tinh Long An
2226098,Male,1994-10-06,TP. Ho Chi Minh
2227584,Female,1996-12-25,Ha Tinh
2228803,Male,1996-01-01,Hung Yen
2230159,Female,1969-03-16,Binh Duong
2230555,Male,1998-06-24,Ninh Thuan
2230675,Male,1992-05-15,Ha Noi
2231779,Male,1977-07-20,HA NOI
2233942,Male,1986-07-05,Can Tho
2233964,Male,1972-05-01,TP. Ho Chi Minh
2233998,Female,1994-10-16,Binh Dinh
2234029,Male,1980-06-03,Nghe An
2235371,Female,1993-05-04,TP. Ho Chi Minh
2235913,Male,1990-05-01,Can Tho
2236599,Male,1988-07-08,TP. Ho Chi Minh
2237245,Male,1996-09-08,TP. Ho Chi Minh
2237641,Male,1990-07-23,Binh Duong
2237650,Male,1984-12-22,Quang Tri
2238388,Male,1973-03-26,TP. Ho Chi Minh
2238429,Male,1985-07-08,Dong Thap
2239795,Female,1981-06-04,Tien Giang
2239868,Male,1985-11-16,Binh Thuan
2241453,Male,1993-08-07,TP. Ho Chi Minh
2241456,Female,1966-10-09,Hoa Binh
2242066,Male,1952-06-23,TP. Ho Chi Minh
2242793,Female,1956-11-29,Quang Tri
2243530,Male,1964-01-23,Dong Nai
2254416,Female,1996-06-13,TUYEN QUANG
2255635,Female,1962-06-03,Can Tho
2256632,Female,1988-08-10,Thai Nguyen
2257177,Male,1994-06-07,Ha Noi
2258280,Female,1983-05-13,Kien Giang
2259016,Male,1969-03-04,TP. Ho Chi Minh
2259019,Male,1984-09-23,Binh Duong
2259649,Male,1973-08-16,Da Nang
2260264,Male,1989-08-19,TP Ho Chi Minh
2260730,Male,1988-06-07,Thanh pho Ha Noi
2262320,Female,1973-10-18,TP. Ho Chi Minh
2263100,Female,1966-11-25,TP. Ho Chi Minh
2263572,Female,1987-05-30,Bac Ninh
2263654,Male,1991-04-11,TP Ho Chi Minh
2264525,Female,1990-06-26,TP. Ho Chi Minh
2265332,Male,1973-02-21,Ha Noi
2267735,Female,1991-05-28,Thanh Hoa
2267772,Male,1968-06-06,Nam Dinh
2269921,Female,1979-01-08,Hai Phong
2271010,Female,1958-03-27,Vinh Long
2271177,Male,1992-07-30,Dong Nai
2271340,Male,1993-09-12,Ha Noi
2273176,Male,1987-09-10,Ha Noi
2281893,Female,1983-09-12,Ha Noi
2292764,Male,1981-01-20,Ha Noi
2293619,Male,1988-06-08,TP. Ho Chi Minh
2306325,Male,1987-10-07,Dong Nai
2309954,Male,1959-05-28,TP. Ho Chi Minh
2317120,Male,1983-12-11,Bac Giang
2318857,Male,1979-11-21,Nghe An
2321709,Female,1964-01-11,Quang Ninh
2330931,Male,1965-01-31,AN GIANG
2331270,Female,1949-07-11,TP. Ho Chi Minh
2334505,Male,1987-04-05,KIEN GIANG
2339290,Male,1982-09-03,TP. Ho Chi Minh
2340707,Female,1962-03-26,Quang Tri
2345466,Female,1970-02-27,Ha Noi
2349913,Male,1965-06-07,An Giang
2350888,Male,1977-03-22,Vinh Phuc
2353047,Female,1976-06-27,TP. Ho Chi Minh
2359754,Male,1994-09-28,Ha Noi
2362721,Female,1969-07-23,Long An
2363580,Male,1962-10-12,Ha Noi
2364782,Male,1989-11-04,HCM
2367379,Female,1978-11-30,TP Ho Chi Minh
2373359,Female,1967-01-30,TP. Ho Chi Minh
2373890,Male,1981-07-28,Ha Noi
2375054,Female,1980-08-15,Binh Thuan
2375317,Female,1978-03-30,HA NOI
2375500,Female,1981-06-02,TP Ho Chi Minh
2376365,Male,1986-08-29,Thanh Hoa
2376956,Female,1988-12-16,TP. Ho Chi Minh
2381061,Female,1985-02-08,An Giang
2382561,Male,1963-11-08,Ha Noi
2395586,Female,1963-11-26,Thanh Hoa
2396831,Male,1994-04-03,TP. Ho Chi Minh
2396938,Male,1969-10-02,Nghe An
2398551,Female,1987-10-01,Binh Duong
2403605,Male,1987-04-06,TP. Ho Chi Minh
2407949,Male,1979-06-16,Nghe An
2408382,Female,1996-12-08,Ha Noi
2410435,Male,1996-08-25,Son La
2411133,Female,1973-09-07,TP. Ho Chi Minh
2412661,Male,1998-05-06,Ha Tinh
2412679,Female,1995-07-24,Ha Noi
2412976,Male,1994-08-20,Son La
2413139,Female,1993-06-23,Hung Yen
2413394,Female,1970-02-28,TP. Ho Chi Minh
2413511,Female,1986-03-22,Can Tho
2414288,Female,1982-02-18,Thanh pho Ha Noi
2414528,Male,1990-06-27,Binh Duong
2415134,Female,1994-04-17,Tuyen Quang
2416506,Male,1996-12-03,Hai Phong
2418390,Female,1989-02-18,Tuyen Quang
2420355,Male,1993-02-04,Thanh Hoa
2421222,Male,1962-10-23,TP. Ho Chi Minh
2423307,Female,1980-04-29,TP. Ho Chi Minh
2435234,Female,1969-12-24,TP. Ho Chi Minh
2437398,Male,1990-03-31,Thanh pho Ha Noi
2443186,Female,1992-11-28,Bac Giang
2446155,Male,1994-09-16,Ha Noi
2446594,Male,1994-02-02,Hoa Binh
2447376,Male,1993-12-22,Hoa Binh
2451137,Male,1990-03-31,Ha Noi
2458846,Male,1985-10-19,TP. Ho Chi Minh
2465401,Female,1976-08-20,Khanh Hoa
2466922,Male,1990-05-16,Thanh Hoa
2471199,Female,1988-07-26,Hai Duong
2475185,Male,1985-08-21,Thai Nguyen
2475659,Male,1981-01-26,Thai Binh
2477432,Female,1977-07-02,Hai Phong
2477436,Male,1987-05-24,TP. Ho Chi Minh
2478221,Female,1986-01-25,Ha Noi
2479080,Male,1995-11-17,Bac Giang
2481391,Female,1980-10-04,TP. Ho Chi Minh
2482627,Male,1986-10-11,Hoa Binh
2486337,Male,1987-03-02,Binh Duong
2491477,Male,1989-07-10,Ha Noi
2503192,Male,1985-07-17,Can Tho
2505012,Female,1993-05-06,TP. Ho Chi Minh
2508689,Female,1984-02-13,Ha Noi
2510318,Male,1989-05-13,Tinh Hung Yen
2510674,Female,1991-02-13,Tinh Dong Nai
2511087,Female,1995-03-10,Ha Noi
2511338,Female,1995-05-04,Ha Noi
2511673,Male,1997-04-01,Ha Noi
2512003,Female,1998-02-14,Phu Tho
2512911,Female,1997-11-26,Ha Noi
2512912,Female,1997-06-16,Ha Noi
2512995,Female,1994-01-17,Ha Noi
2513033,Male,1995-05-08,Ha Noi
2513623,Male,1991-03-26,Bac Ninh
2513746,Female,1998-04-03,Ha Noi
2515334,Female,1972-05-22,TP. Ho Chi Minh
2515548,Male,1988-10-22,Hai Duong
2515882,Male,1983-01-08,ha noi
2516991,Female,1997-10-25,Thai Binh
2517296,Female,1996-12-31,Ha Noi
2517545,Female,1997-08-31,Ha Noi
2517704,Male,1997-11-06,Ha Noi
2518630,Female,1997-12-15,Nam Dinh
2519191,Female,1996-05-25,Ha Noi
2520064,Female,1997-08-08,Ninh Binh
2522035,Female,1997-08-11,Ha Noi
2524353,Female,1981-01-11,TP. Ho Chi Minh
2531881,Female,1994-12-28,Dong Thap
2532057,Male,1988-05-09,TP. Ho Chi Minh
2533839,Female,1989-02-07,Hung Yen
2534493,Female,1997-02-11,Da Nang
2534527,Male,1991-10-07,TP. Ho Chi Minh
2534787,Male,1982-05-27,Dong Nai
2534799,Female,1976-03-16,TP. Ho Chi Minh
2535016,Female,1982-04-13,TP. Ho Chi Minh
2535033,Male,1978-02-10,Khanh Hoa
2535417,Male,1976-02-29,Thai Binh
2535673,Female,1993-09-23,HA TINH
2535999,Female,1959-07-23,TP. Ho Chi Minh
2537688,Male,1980-04-05,Phu Tho
2538097,Female,1990-06-11,Phu Tho
2538108,Female,1974-06-07,Ha Noi
2538113,Male,1985-12-18,Hoa Binh
2538846,Female,1997-10-09,Hoa Binh
2540400,Female,1971-11-10,TP. Ho Chi Minh
2540734,Female,1981-05-26,Ba Ria - Vung Tau
2541100,Male,1970-10-17,Ha Noi
2541465,Female,1983-11-08,BINH DUONG
2543145,Female,1986-07-18,TP. Ho Chi Minh
2547171,Female,1996-10-22,TP. Ho Chi Minh
2547660,Male,1994-03-26,Dong Nai
2552272,Female,1982-06-09,Ha Noi
2559453,Female,1979-12-20,TP. Ho Chi Minh
2560126,Female,1981-08-08,Tra Vinh
2560225,Female,1981-10-11,Ha Tinh
2564605,Male,1982-06-25,Quang Ninh
2564959,Male,1982-08-12,TP. Ho Chi Minh
2565189,Male,1987-11-13,Tinh Dong Nai
2569220,Male,1978-02-12,Khanh Hoa
2574106,Male,1987-03-14,TP Ho Chi Minh
2575701,Male,1964-02-19,Thanh pho Ha Noi
2575867,Male,1983-11-13,Can Tho
2584243,Male,1989-04-22,TP. Ho Chi Minh
2587795,Female,1976-04-14,Hai Phong
2589760,Female,1966-01-31,Bac Giang
2590990,Male,1993-11-19,Khanh Hoa
2591784,Female,1993-07-31,TP. Ho Chi Minh
2592499,Female,1973-11-29,TP. Ho Chi Minh
2594413,Female,1972-04-02,TP. Ho Chi Minh
2600249,Male,1985-02-04,An Giang
2604630,Male,1957-04-16,Ha Tinh
2610247,Male,1974-11-08,TP. Ho Chi Minh
2611594,Female,1987-03-29,TP. Ho Chi Minh
2616992,Female,1986-07-03,TP. Ho Chi Minh
2623005,Male,1993-05-17,TP. Ho Chi Minh
2625376,Female,1988-02-03,Hai Duong
2626345,Female,1976-02-02,Ha Noi
2627667,Female,1989-08-05,TP. Ho Chi Minh
2631068,Female,1974-12-28,nghe an
2639896,Male,1990-08-23,Thanh Hoa
2642753,Male,1971-07-21,Thanh Hoa
2646612,Female,1990-04-18,HCM
2650227,Female,1986-06-13,TP. Ho Chi Minh
2650244,Male,1973-04-28,Nghe An
2658202,Male,1977-10-21,Ba Ria - Vung Tau
2659864,Female,1975-05-18,Hoa Binh
2662586,Male,1966-06-12,Can Tho
2662725,Male,1978-08-20,Ha Noi
2663876,Female,1992-08-17,Thua Thien - Hue
2665280,Male,1982-02-20,TP. Ho Chi Minh
2665878,Male,1988-11-13,Quang Ninh
2676620,Male,1988-03-27,Ha Noi
2676758,Male,1985-07-17,Ha Noi
2678777,Female,1978-09-16,Ha Noi
2683765,Male,1990-11-02,Bac Ninh
2685912,Male,1987-02-18,Bac Giang
2686491,Male,1981-03-08,Vinh Phuc
2687135,Male,1957-02-06,Can Tho
2687191,Male,1985-03-17,TP. Ho Chi Minh
2689448,Male,1958-04-07,Long An
2702759,Male,1980-09-10,Cao Bang
2706626,Male,1980-01-02,Ha Noi
2708773,Male,1971-11-21,Quang Tri
2710080,Male,1980-10-09,Thanh Hoa
2726341,Female,1963-04-03,Ha Noi
2734929,Female,1971-03-27,Dong Nai
2737874,Male,1976-01-20,Dong Thap
2738621,Male,1985-10-26,Quang Tri
2742118,Male,1974-08-19,An Giang
2743372,Male,1970-04-08,TP. Ho Chi Minh
2752384,Female,1975-07-13,TP. Ho Chi Minh
2755478,Male,1991-09-02,Long An
2758587,Male,1982-01-12,Dong Nai
2766741,Male,1975-05-16,TP.Ho chi minh
2771815,Male,1985-05-29,Hai Phong
2774124,Female,1981-08-11,TP. Ho Chi Minh
2777249,Female,1960-02-28,HCM
2783577,Male,1996-09-01,TP. Ho Chi Minh
2791249,Male,1978-11-23,Ba Ria - Vung Tau
2793392,Female,1960-12-13,Ha Noi
2793582,Male,1971-08-29,HA NOI
2793651,Male,1991-02-09,2
2795013,Male,1962-02-17,Kien Giang
2797234,Male,1986-03-11,Quang Ninh
2797286,Male,1970-03-07,Thanh Hoa
2804676,Female,1975-10-15,TP. Ho Chi Minh
2807379,Female,1978-03-30,BINH DUONG
2811323,Female,1988-10-22,Phu Tho
2811910,Male,1986-01-17,Thanh Hoa
2812855,Male,1970-04-29,Ba Ria - Vung Tau
2816209,Female,1961-06-09,Ha Noi
2818271,Male,1979-08-19,Ha Noi
2825090,Female,1990-12-02,Dong Nai
2828058,Male,1985-05-01,Hai Phong
2828525,Female,1985-09-11,TP. Ho Chi Minh
2835737,Male,1970-02-10,KIEN GIANG
2836034,Male,1995-04-27,Ha Noi
2836408,Male,1982-07-03,Hoa Binh
2839880,Female,1984-03-11,Binh Duong
2839887,Male,1989-01-16,BAC GIANG
2843173,Male,1989-04-17,Bac Giang
2845801,Male,1971-06-11,CAN THO
2852029,Male,1994-12-18,Vinh Phuc
2855143,Female,1990-11-23,Hoa Binh
2857861,Male,1975-08-13,HA NOI
2858674,Female,1976-09-25,Da Nang
2869423,Male,1982-01-16,Hai Duong
2870590,Female,1997-05-15,TP. Ho Chi Minh
2872187,Female,1993-03-14,Dong Nai
2880894,Female,1986-04-19,Hung Yen
2882108,Male,1986-02-01,TP. Ho Chi Minh
2882680,Male,1976-08-27,DONG NAI
2883654,Male,1986-03-26,Dong Nai
2884686,Male,1991-01-25,Ha Noi
2892243,Female,1990-01-22,TP. Ho Chi Minh
2900468,Male,1977-04-26,Gia Lai
2904513,Female,1967-04-25,TP. Ho Chi Minh
2904890,Female,1971-08-14,Ba Ria - Vung Tau
2905578,Female,1990-04-19,Ba Ria - Vung Tau
2905751,Female,1986-12-12,Vinh Phuc
2908894,Female,1964-11-20,Hoa Binh
2911619,Female,1969-08-29,Da Nang
2918037,Female,1983-01-28,TP. Ho Chi Minh
2921372,Female,1983-03-01,TP. Ho Chi Minh
2932859,Female,1992-06-11,Ha Noi
2938837,Female,1978-06-27,TP Ho Chi Minh
2941592,Male,1964-02-26,Thanh Hoa
2941934,Male,1983-08-03,TP Ho Chi Minh
2951570,Female,1972-10-17,Thanh Hoa
2954301,Male,1985-07-05,TP. Ho Chi Minh
2955374,Male,1996-08-02,Ha Noi
2955831,Female,1982-11-19,TP. Ho Chi Minh
2958628,Male,1992-11-17,Hung Yen
2972646,Male,1979-12-15,Ninh Binh
2974949,Male,1988-06-24,Bac Giang
2981043,Female,1983-06-21,TP. Ho Chi Minh
2984728,Male,1984-12-16,TP. Ho Chi Minh
2989111,Male,1987-06-17,HA NOI
2993750,Female,1980-12-23,TP. Ho Chi Minh
2999806,Male,1977-11-20,Bac Ninh
3005506,Female,1994-11-28,Ha Noi
3007968,Male,1961-03-08,VINH LONG
3010151,Male,1986-08-31,TP. Ho Chi Minh
3010473,Male,1989-03-14,TP. Ho Chi Minh
3018183,Male,1991-11-01,Vinh Phuc
3021693,Male,1974-02-19,TP. Ho Chi Minh
3024957,Male,1986-05-12,THANH HOA
3029374,Female,1973-04-07,TP. Ho Chi Minh
3032202,Female,1968-08-30,HCM
3032866,Male,1987-08-13,Thanh Hoa
3034282,Female,1983-10-15,Ha Noi
3034496,Female,1963-09-13,TP. Ho Chi Minh
3036588,Male,1984-05-13,Dong Thap
3037792,Female,1991-09-11,Thanh pho Ha Noi
3038462,Male,1985-01-27,Gia Lai
3040158,Female,1976-03-09,Ha Noi
3042830,Female,1990-02-03,Hai Duong
3044978,Female,1975-06-16,Quang Ninh
3047626,Male,1977-08-20,Bac Giang
3056375,Female,1978-12-30,Bac Ninh
3057448,Female,1983-08-15,Khanh Hoa
3059484,Female,1982-09-21,Hai Phong
3061932,Male,1974-11-07,Nam Dinh
3073651,Female,1987-02-03,Hai Phong
3074481,Female,1971-10-13,TP. Ho Chi Minh
3078919,Female,1987-12-03,Khanh Hoa
3079177,Female,1960-07-25,Thai Nguyen
3080484,Male,1984-07-12,Binh Duong
3084546,Female,1973-02-25,Khanh Hoa
3093422,Male,1987-05-24,Thua Thien - Hue
3098526,Male,1994-10-30,BAC GIANG
31126,Female,1963-11-04,Da Nang
3101978,Female,1974-07-31,HAI DUONG
3104111,Female,1991-02-09,TP. Ho Chi Minh
3118093,Male,1993-02-04,Tinh Ba Ria - Vung Tau
3120622,Male,1977-12-30,Ha Noi
3122444,Male,1964-06-10,TP. Ho Chi Minh
3123471,Male,1983-09-05,Da Nang
3129377,Female,1957-09-11,Da Nang
3129635,Male,1978-05-14,AN GIANG
3131850,Male,1976-10-16,Ha Noi
3135277,Female,1985-02-17,TP. Ho Chi Minh
3142697,Male,1965-06-07,TP. Ho Chi Minh
3145850,Female,1987-05-09,TP. Ho Chi Minh
3146792,Male,1973-03-18,TP. Ho Chi Minh
3147514,Female,1979-04-10,Ha Noi
3150368,Male,1990-04-01,Ha Noi
3153345,Male,1990-11-20,TP Ho Chi Minh
3157038,Female,1970-11-06,Da Nang
3157079,Female,1975-04-22,TP Ho Chi Minh
3159142,Male,1965-02-07,Da Nang
3170488,Female,1979-12-10,Thanh pho Ha Noi
3170759,Female,1978-07-24,LONG AN
3178606,Female,1987-06-11,Binh Duong
3188106,Male,1968-10-09,Can Tho
3189135,Female,1980-05-05,Ha Noi
3193931,Female,1989-05-25,Tien Giang
3207925,Male,1988-05-12,DONG THAP
3216861,Male,1988-03-28,Binh Duong
3222485,Male,1969-01-26,Thai Nguyen
3224282,Female,1970-06-10,HA NOI
3224561,Female,1975-03-19,Binh Duong
3233406,Male,1986-01-22,Bac Giang
3234810,Male,1981-02-08,HCM
3235708,Female,1986-08-24,TPHCM
3236291,Male,1961-12-03,Ha Noi
3240067,Male,1963-04-27,Tien Giang
3245801,Female,1982-11-30,Dong Nai
3247315,Male,1979-03-30,Ha Noi
3248565,Female,1996-10-10,Bac Giang
3249201,Male,1986-12-01,TP. Ho Chi Minh
3249635,Male,1980-03-17,HA NOI
3256243,Female,1963-03-23,Ha Noi
3256334,Male,1994-10-12,Thai Binh
3259004,Male,1988-01-15,TP. Ho Chi Minh
3260433,Male,1974-12-29,Da Nang
326252,Male,1986-01-28,Ha Noi
3264503,Female,1983-03-23,Bac Ninh
3264809,Female,1986-10-31,HA NOI
3266051,Male,1984-08-19,Tinh Tay Ninh
3267558,Male,1988-02-01,TP. Ho Chi Minh
3268170,Female,1981-10-15,Hai Phong
3278795,Female,1973-05-17,Binh Dinh
3279779,Female,1989-12-04,Quang Tri
3280069,Male,1977-04-01,Ha Noi
3280193,Male,1984-08-04,Thai Nguyen
3281099,Male,1983-03-12,Dong Nai
3288705,Male,1987-03-18,Thanh pho Ha Noi
3289612,Female,1993-09-24,TP. Ho Chi Minh
3298174,Female,1990-11-03,Ha Noi
3301426,Male,1974-08-27,Binh Thuan
3301817,Female,1990-02-15,Nghe An
3302464,Male,1982-10-21,TP Ho Chi Minh
3302670,Female,1995-04-06,TP. Ho Chi Minh
3304401,Female,1985-11-30,Hai Duong
3304406,Female,1995-03-05,Binh Dinh
3305058,Male,1986-07-09,Vinh Long
3305166,Female,1989-11-02,Binh Thuan
3305626,Male,1993-11-11,Dong Nai
3305736,Male,1966-03-21,TP Ho Chi Minh
3306018,Male,1983-04-15,Kien Giang
3306020,Female,1993-01-31,2
3306120,Female,1980-04-10,TP. Ho Chi Minh
3307445,Male,1964-02-25,Binh Duong
3308792,Male,1991-03-23,Thai Binh
3308928,Female,1980-06-03,HA NOI
3310414,Male,1989-06-24,Thanh Hoa
3310833,Female,1969-09-26,Ha Noi
3311458,Female,1972-04-23,TP. Ho Chi Minh
3313454,Female,1987-01-14,TP. Ho Chi Minh
3313552,Female,1977-10-20,Thanh Hoa
3313698,Female,1991-09-21,Ha Noi
3314398,Female,1995-09-03,2
3314537,Male,1981-04-29,Binh Duong
3315097,Female,1988-01-06,Tien Giang
3315391,Male,1992-05-11,Dong Nai
3315562,Male,1978-07-22,Binh Thuan
3315629,Male,1971-07-12,Tien Giang
3315723,Male,1997-03-20,Tien Giang
3316136,Male,1992-10-20,LONG AN
3316511,Female,1997-07-02,2
3316968,Female,1981-03-16,Ha Noi
3318253,Male,1998-02-08,Binh Dinh
3318877,Female,1971-05-05,TPHCM
3319051,Male,1983-03-29,Hai Phong
3319443,Male,1994-02-27,TP. Ho Chi Minh
3319792,Female,1983-04-09,Dong Nai
3320301,Female,1998-03-18,Hai Duong
3320571,Male,1997-01-04,12
3320922,Male,1994-09-15,Khanh Hoa
3321271,Female,1983-04-07,TP. Ho Chi Minh
3321456,Male,1970-03-22,VINH LONG
3321482,Female,1961-03-06,Khanh Hoa
3321849,Male,1990-11-01,HA NOI
3322106,Male,1968-02-28,Tinh Long An
3322193,Male,1994-02-02,Ba Ria - Vung Tau
3323001,Female,1990-06-07,Hai Duong
3323320,Female,1992-12-27,Dong Nai
3323753,Male,1986-10-16,Vinh Phuc
3323822,Female,1980-03-04,HA NOI
3324241,Female,1981-10-09,Nam Dinh
3324403,Female,1992-03-15,Dong Nai
3324481,Female,1985-01-11,Dong Nai
3324839,Female,1979-05-23,TP. Ho Chi Minh
3325265,Female,1986-07-20,Long An
3325337,Male,1981-04-24,Thanh Hoa
3325735,Female,1983-09-27,Da Nang
3326166,Male,1965-02-12,Thanh pho Ha Noi
3326414,Male,1984-04-06,TP. Ho Chi Minh
3326785,Male,1996-06-06,BINH DINH
3327115,Male,1981-01-23,TP. Ho Chi Minh
3327779,Female,1989-12-22,Binh Duong
3328446,Male,1993-08-16,TRA VINH
3329635,Female,1985-04-10,Binh Duong
3329792,Female,1974-10-04,TP Ho Chi Minh
3330263,Female,1986-02-04,TP. Ho Chi Minh
3330372,Male,1989-07-09,TP. Ho Chi Minh
3330397,Male,1988-05-28,Long An
3330524,Female,1976-01-11,Tinh Binh Duong
3330906,Female,1988-12-11,Hai Phong
3331358,Female,1989-12-28,Quang Tri
3331789,Female,1979-01-12,TP. Ho Chi Minh
3333119,Female,1979-10-25,TP. Ho Chi Minh
3333203,Male,1996-01-28,2
3333608,Female,1980-09-04,Thanh pho Ha Noi
3333617,Female,1970-07-12,Tien Giang
3333875,Female,1983-03-27,Tien Giang
3334065,Female,1972-02-10,Bac Giang
3334157,Male,1990-03-23,Bac Giang
3334365,Male,1991-09-11,Ha Noi
3335020,Female,1973-06-30,Thanh Hoa
3336898,Male,1987-02-11,37
3337627,Male,1961-05-14,Nam Dinh
3337770,Male,1996-11-21,Dong Thap
3337971,Female,1976-05-22,Thanh Hoa
3337987,Female,1982-08-29,Nghe An
3338140,Female,1990-09-24,HA TINH
3339280,Female,1969-03-13,Ha Noi
3340346,Male,1987-05-16,Ha Noi
3340578,Male,1988-06-23,Thanh Hoa
3340738,Male,1978-02-22,TP Ho Chi Minh
3342194,Male,1990-12-11,Ha Noi
3343441,Male,1966-08-22,Phu Tho
3343655,Male,1980-10-21,Ha Noi
3343833,Female,1991-04-14,Lao Cai
3344095,Female,1980-07-18,Ha Nam
3344420,Female,1991-08-31,Tien Giang
3344454,Female,1960-06-19,Da Nang
3345329,Male,1979-01-28,Yen Bai
3345365,Male,1994-06-23,57
3345420,Female,1959-05-02,Ha Noi
3345558,Female,1987-12-25,Dong Nai
3345796,Male,1983-08-26,Thua Thien - Hue
3347569,Male,1988-07-05,Binh Duong
3347736,Male,1980-03-13,HA NOI
3347948,Male,1991-05-17,BEN TRE
3348215,Female,1965-01-11,Quang Nam
3348252,Male,1988-08-09,TP. Ho Chi Minh
3348401,Male,1983-06-01,An Giang
3348709,Female,1996-05-03,2
3348711,Female,1973-02-07,TP. Ho Chi Minh
3350724,Female,1987-01-06,Dong Thap
3352696,Male,1967-04-15,Thua Thien - Hue
3353098,Male,1967-09-13,TP. Ho Chi Minh
3354773,Male,1985-06-13,TP. Ho Chi Minh
3355162,Male,1982-10-14,Thanh Hoa
3364645,Male,1968-07-03,Ha Noi
3369188,Female,1968-02-22,HA TINH
3369608,Male,1966-05-15,TP Ho Chi Minh
3371535,Male,1967-01-03,TP. Ho Chi Minh
3372914,Female,1985-12-05,TP. Ho Chi Minh
3375077,Male,1988-06-01,Ha Noi
3377102,Male,1979-03-16,Nghe An
3377749,Male,1982-10-15,Tinh Kien Giang
3380628,Female,1993-01-01,Dong Thap
3382149,Male,1982-11-22,Hai Duong
3383406,Female,1989-09-15,TP Ho Chi Minh
3384457,Female,1977-08-19,Thanh Hoa
3385139,Male,1971-10-10,nghe an
3386022,Female,1990-03-19,Dong Thap
3386916,Female,1970-02-24,Thanh Hoa
3389851,Male,1963-08-10,Bac Ninh
3395927,Female,1994-10-08,TPHo Chi Minh
3398924,Male,1987-09-14,Ha Noi
3400865,Female,1976-08-01,Ha Noi
3404614,Male,1971-06-12,BAC GIANG
3404741,Male,1989-07-07,Dong Thap
3405499,Female,1995-10-12,Ba Ria - Vung Tau
3407653,Male,1984-03-01,TP. Ho Chi Minh
3410659,Male,1995-08-04,An Giang
359963,Male,1948-01-01,Binh Dinh
374039,Male,1986-12-27,Hai Phong
403805,Female,1976-10-12,Thanh Hoa
450011,Male,1971-03-10,Bac Giang
455553,Female,1988-10-22,Ha Noi
458963,Male,1975-03-02,Quang Binh
481369,Male,1976-09-26,Hai Phong
501105,Female,1975-01-29,Ha Noi
502905,Male,1971-01-01,Binh Duong
517305,Female,1982-03-16,TP. Ho Chi Minh
528694,Female,1991-03-01,Hai Phong
530477,Male,1979-08-16,Ha Noi
540664,Female,1960-10-10,Quang Tri
549470,Female,1988-02-16,Ha Noi
551278,Male,1979-04-23,Hung Yen
552064,Male,1991-02-13,Ha Noi
563646,Female,1987-01-21,Ha Noi
568970,Female,1971-04-12,Thua Thien - Hue
573598,Male,1983-06-05,Nam Dinh
58077,Female,1956-10-24,TP. Ho Chi Minh
623405,Male,1977-10-29,Thanh Hoa
655836,Female,1998-01-01,Thanh Hoa
683574,Male,1956-04-02,Khanh Hoa
695873,Female,1983-09-08,Hai Phong
707344,Female,1990-12-28,Ha Noi
711452,Male,1972-08-27,THANH HOA
724169,Female,1973-07-14,Quang Binh
74548,Male,1975-06-08,Ha Noi
751430,Male,1976-07-15,Thua Thien - Hue
78242,Male,1982-01-01,Bac Giang
784852,Male,1963-07-10,Gia Lai
794106,Female,1985-11-04,Quang Ninh
795642,Male,1983-06-29,Thai Binh
79693,Female,1975-08-17,Ha Noi
798205,Male,1983-07-04,TP. Ho Chi Minh
801313,Male,1985-07-10,Vinh Phuc
802107,Male,1981-02-26,Nghe An
810675,Male,1980-08-08,Ha Noi
814799,Male,1978-05-01,Hai Phong
831686,Female,1991-08-31,Ha Noi
84409,Male,1969-07-01,Bac Giang
852031,Male,1984-01-01,TP. Ho Chi Minh
873490,Female,1974-02-19,Ha Noi
880138,Male,1959-11-26,Thanh Hoa
887655,Female,1984-01-15,Ha Noi
894231,Male,1980-07-12,TP. Ho Chi Minh
900535,Male,1960-12-28,Dong Nai
902358,Male,1978-09-09,TIEN GIANG
906873,Female,1978-03-28,Dong Nai
910366,Female,1986-01-01,TP. Ho Chi Minh
926202,Female,1979-10-20,Binh Dinh
945499,Female,1986-11-08,Ha Noi
948305,Female,1957-01-18,Thai Nguyen
955981,Male,1990-11-17,Dong Nai
956032,Female,1982-11-14,TP HCM
956378,Female,1987-06-14,Ha Noi
958939,Male,1957-03-07,Bac Giang
959751,Female,1990-09-03,Thanh Hoa
960062,Male,1977-04-03,Ha Noi
960703,Female,1966-01-23,Dong Nai
965088,Male,1968-08-15,Khanh Hoa
966559,Male,1979-04-20,TP. Ho Chi Minh
968683,Female,1984-12-07,Ha Noi
968724,Female,1986-07-27,Ha Noi
969466,Male,1967-10-25,Ha Noi
969500,Male,1989-12-19,Ha Noi
969765,Male,1984-11-23,Ha Noi
969874,Male,1964-04-01,Ha Noi
970011,Female,1965-12-07,Hai Phong
970030,Female,1970-09-22,Binh Duong
970430,Female,1962-01-01,Gia Lai
971705,Male,1983-10-19,Ha Noi
971834,Female,1991-01-12,Da Nang
972707,Female,1988-05-23,Ha Noi
973341,Female,1967-02-12,Nghe An
974454,Female,1974-05-01,Nam Dinh
974861,Female,1987-03-10,Bac Giang
977553,Female,1992-03-08,Quang Binh
977818,Female,1958-12-30,TP. Ho Chi Minh
978593,Female,1979-03-25,TP Ho Chi Minh
978792,Female,1983-10-02,Binh Thuan
979926,Male,1989-10-10,Quang Ninh
980064,Female,1987-01-01,Binh Duong
980295,Female,1964-03-24,TP. Ho Chi Minh
980695,Male,1975-12-24,Ha Noi
981069,Male,1982-11-12,Ha Noi
981477,Female,1973-01-01,An Giang
981501,Male,1958-10-04,Ha Noi
982237,Female,1981-08-13,Ha Noi
983532,Male,1975-08-30,TP Ho Chi Minh
984131,Female,1986-05-10,Binh Duong
985072,Female,1954-01-22,Ha Tinh
985448,Male,1954-01-08,Ha Noi
985576,Male,1958-05-01,Phu Tho
986191,Female,1991-12-18,Long An
986208,Female,1973-09-17,Khanh Hoa
987251,Male,1981-04-20,Nam Dinh
987440,Male,1981-07-05,Quang Binh
988109,Male,1997-02-03,Phu Tho
989106,Male,1968-09-16,Thanh Hoa
989418,Male,1980-10-25,Nghe An
989772,Male,1963-11-10,Vinh Phuc
989972,Male,1970-08-19,TP. Ho Chi Minh
990073,Female,1984-07-22,TP. Ho Chi Minh
990078,Male,1995-06-11,Long An
990519,Female,1983-03-28,Binh Thuan
990520,Female,1977-04-07,Binh Duong
990615,Male,1956-10-19,Can Tho
990875,Female,1963-03-03,Ha Noi
990891,Male,1985-04-17,Hai Duong
990985,Female,1951-02-09,Ha Noi
991134,Female,1959-10-20,Ha Noi
991609,Male,1968-01-01,TP. Ho Chi Minh
991864,Male,1979-12-10,Ha Noi
992401,Female,1976-09-04,TP. Ho Chi Minh
992607,Female,1940-04-10,Hai Duong
992754,Male,1961-12-15,Ha Noi
992926,Male,1988-10-20,TP. Ho Chi Minh
992947,Male,1982-01-01,Binh Duong
992968,Male,1987-10-11,Ha Noi
993016,Male,1960-04-29,Ha Noi
993083,Female,1988-08-08,Binh Duong
993107,Male,1966-01-01,Ha Noi
993131,Male,1987-10-29,Ha Noi
993159,Male,1964-07-07,Ha Noi
993411,Male,1991-11-20,TP. Ho Chi Minh
993475,Female,1962-04-01,Phu Tho
993517,Female,1989-09-12,Thua Thien - Hue
993624,Female,1975-01-01,Dong Thap
993721,Male,1991-10-21,Ha Noi
993722,Male,1985-08-12,Ha Noi
993941,Male,1991-05-21,Ha Noi
994261,Female,1973-10-05,Dong Nai
994324,Male,1971-02-16,Dong Nai
994379,Female,1983-06-08,Hai Phong
994433,Female,1984-09-02,Ha Noi
995166,Male,1980-12-21,Ha Noi
995364,Female,1982-03-08,TP. Ho Chi Minh
995758,Male,1964-07-15,Phu Yen
996798,Male,1988-09-29,Ha Noi
1774309,Male,1986-12-08,Bac Giang
1774620,Female,1987-11-29,Ha Noi
1774699,Male,1992-03-10,TP. Ho Chi Minh
1775728,Male,1969-12-12,TP. Ho Chi Minh
1776638,Female,1956-01-01,Hung Yen
1776949,Female,1995-07-26,Ha Noi
1777174,Female,1995-06-05,Ha Giang
1777317,Male,1980-01-02,Ha Noi
1777481,Female,1986-05-29,Can Tho
1777834,Male,1955-01-22,TP. Ho Chi Minh
1777931,Male,1996-06-01,TP. Ho Chi Minh
1778208,Female,1988-03-26,Long An
1778674,Male,1990-11-15,Nam Dinh
1778958,Male,1991-11-18,Ninh Binh
1779136,Female,1987-07-27,Binh Duong
1780987,Female,1980-03-27,Da Nang
1781505,Female,1980-01-19,Quang Ninh
1781966,Male,1968-12-10,TP. Ho Chi Minh
1783301,Male,1968-08-20,TP. Ho Chi Minh
1784089,Female,1993-09-22,TP. Ho Chi Minh
1784261,Male,1986-09-26,Thanh Hoa
1784565,Male,1992-06-02,Thanh Hoa
1784589,Male,1979-08-08,Ha Noi
1784799,Female,1990-08-02,Hai Duong
1785113,Male,1980-05-25,TP. Ho Chi Minh
1785434,Male,1975-09-30,Ha Noi
1785777,Female,1967-03-08,Gia Lai
1786430,Female,1986-04-25,Ha Noi
1787777,Female,1996-12-16,TP. Ho Chi Minh
1788278,Male,1990-10-10,TP. Ho Chi Minh
1788486,Female,1984-04-21,Ha Noi
1788653,Female,1986-08-22,Thanh Hoa
1789125,Female,1977-09-09,TP. Ho Chi Minh
1789129,Male,1984-01-01,Kien Giang
1789531,Female,1980-06-23,Ha Noi
1791497,Female,1988-04-13,Quang Tri
1791859,Female,1995-08-11,Long An
1795121,Male,1995-04-03,Hoa Binh
1796589,Female,1996-05-02,Can Tho
1800332,Male,1965-04-27,Ha Noi
1800858,Male,1996-01-01,Binh Duong
180247,Female,1965-02-09,Ha Noi
1802163,Female,1988-07-11,An Giang
1802353,Male,1988-03-06,Thanh pho Ha Noi
1802827,Male,1962-03-19,Long An
1803194,Male,1978-10-09,Phu Tho
1803624,Male,1978-10-24,TP. Ho Chi Minh
1803888,Male,1975-01-20,TP Ho Chi Minh
1804334,Male,1981-01-01,Kien Giang
1814018,Female,1976-01-18,Ha Noi
1817315,Male,1970-06-23,TP. Ho Chi Minh
1819293,Male,1984-07-10,Ha Noi
1830807,Male,1976-01-02,TP. Ho Chi Minh
1832173,Female,1980-10-23,Thanh Hoa
1837016,Male,1985-07-27,Hai Duong
1839699,Female,1979-01-01,TP. Ho Chi Minh
1841067,Male,1957-06-06,Ha Noi
1846499,Male,1984-04-22,Nghe An
1859298,Male,1975-07-18,Hai Phong
1886263,Male,1981-12-10,TP Ho Chi Minh
1898494,Female,1978-01-01,TP. Ho Chi Minh
1906613,Male,1979-01-01,Long An
1906890,Female,1985-11-25,Thanh Hoa
1926935,Female,1970-11-20,TP. Ho Chi Minh
1945329,Male,1971-10-28,TP Ho Chi Minh
1945880,Female,1978-04-04,Hoa Binh
1951977,Female,1978-11-25,TP Ho Chi Minh
1952573,Female,1977-01-01,Nam Dinh
1971096,Male,1978-06-15,Nam Dinh
1974729,Female,1992-09-04,Dong Nai
1975344,Male,1984-05-15,Binh Thuan
1982909,Male,1991-09-01,TP. Ho Chi Minh
1998079,Female,1981-05-07,TP. Ho Chi Minh
1999853,Female,1990-11-11,Ha Tinh
2006711,Male,1979-08-17,TP. Ho Chi Minh
2020529,Male,1987-10-16,Thua Thien - Hue
2021012,Female,1981-07-25,TP. Ho Chi Minh
2030791,Male,1977-10-24,Thanh Hoa
2030917,Male,1982-11-15,Ha Noi
2041317,Female,1953-06-04,TP. Ho Chi Minh
2043060,Female,1967-01-01,Binh Thuan
2049024,Female,1967-05-17,Ha Noi
2061111,Male,1979-10-27,Ha Noi
2065716,Female,1981-07-07,Ha Noi
2071435,Female,1979-07-01,Ha Noi
2071492,Male,1990-09-10,Ha Noi
2077173,Male,1988-07-27,Ha Noi
2079996,Male,1956-02-23,Bac Giang
2081667,Male,1992-09-23,ha noi
2082351,Male,1978-11-11,TP HO CHI MINH
2082665,Female,1997-09-19,Hai Phong
2082849,Male,1980-05-25,Hai Phong
2084342,Female,1995-01-14,Nghe An
2085876,Male,1969-04-04,Long An
2089250,Male,1987-11-01,Thanh pho Ha Noi
2089521,Female,1971-10-01,TP. Ho Chi Minh
2091594,Female,1968-01-01,Tien Giang
2094122,Male,1984-09-19,Vinh Phuc
2095664,Male,1983-03-13,Ha Tinh
2096080,Male,1980-04-14,Thua Thien - Hue
2098048,Male,1990-06-07,Da Nang
2098492,Male,1987-07-01,TP. Ho Chi Minh
2098865,Male,1994-07-16,Long An
2100552,Female,1988-09-21,Binh Duong
2101002,Female,1972-08-02,TP. Ho Chi Minh
2102007,Female,1983-09-10,Thanh Hoa
2103417,Male,1971-01-05,Ha Noi
2103823,Male,1961-11-14,Ha Noi
2104088,Female,1989-06-23,Khanh Hoa
2106575,Female,1963-06-21,HA NOI
2108322,Male,1984-09-02,Da Nang
2108700,Female,1994-10-14,Hai Duong
2109217,Male,1989-01-01,Binh Duong
2115556,Female,1989-03-28,Thanh Hoa
2118123,Male,1990-11-20,Tinh Binh Duong
2121391,Male,1986-11-09,Ha Noi
2121530,Male,1962-09-02,Vinh Phuc
2123463,Female,1975-08-20,ha noi
2125046,Male,1977-05-05,Hai Duong
2133539,Female,1972-01-01,Can Tho
2133540,Male,1990-05-15,TP HCM
2135983,Male,1976-03-15,TP. Ho Chi Minh
2136117,Female,1958-09-20,TP. Ho Chi Minh
2136860,Male,1985-01-07,Ha Tinh
2137074,Male,1987-04-07,Binh Duong
2137324,Female,1968-07-20,TP. Ho Chi Minh
2137765,Male,1988-11-29,Ha Noi
2138579,Male,1990-02-14,Ha Noi
2138774,Male,1990-01-01,Dong Nai
2139207,Female,1988-12-19,Ha Noi
2139543,Female,1989-01-15,Tien Giang
2140859,Female,1981-06-23,Khanh Hoa
2141633,Female,1984-12-12,Thanh pho Ha Noi
2141918,Male,1980-08-09,Thanh pho Ha Noi
2145265,Male,1986-07-22,TP. Ho Chi Minh
2145749,Female,1967-10-31,Dong Nai
2146264,Female,1954-03-08,TP. Ho Chi Minh
2146812,Female,1995-11-06,Hoa Binh
2146999,Female,1997-12-25,Dong Nai
2150592,Male,1969-07-19,Dong Nai
2150605,Male,1992-05-11,Can Tho
2151422,Female,1995-06-15,Dong Nai
2152081,Female,1968-01-01,Binh Duong
2152814,Male,1974-04-10,Ha Noi
2154479,Male,1986-02-05,Bac Ninh
2157604,Male,1972-09-30,TP. Ho Chi Minh
2158263,Female,1970-02-07,Long An
2158300,Male,1983-08-17,Da Nang
2158311,Male,1987-07-21,Thanh Hoa
2159215,Male,1991-10-06,Ha Noi
2159588,Male,1972-01-01,Can Tho
2159668,Male,1972-11-12,Ha Tinh
2159915,Female,1987-01-01,TP. Ho Chi Minh
2159938,Female,1964-03-28,Ha Noi
2160127,Male,1994-01-01,TP.Ho Chi Minhh
2160143,Male,1988-09-20,TP. Ho Chi Minh
2160366,Female,1974-01-01,Can Tho
2160609,Male,1985-05-23,Ha Noi
2160674,Female,1992-02-29,TP. Ho Chi Minh
2162587,Female,1986-02-25,TP Ho Chi Minh
2162614,Female,1957-10-16,Ha Noi
2162617,Male,1973-01-01,Binh Duong
2162905,Female,1993-07-15,Ha Noi
2163153,Male,1989-02-13,TP. Ho Chi Minh
2164941,Female,1965-05-22,Tinh Long An
2166416,Female,1984-05-27,TP. Ho Chi Minh
2168009,Female,1989-10-20,TP Ho Chi Minh
2168181,Female,1982-03-28,TP. Ho Chi Minh
2171129,Male,1982-12-16,TP Ho Chi Minh
2175136,Male,1986-08-20,Ha Noi
2176755,Female,1983-01-01,Phu Tho
2177772,Female,1991-08-02,TP HCM
2190035,Male,1982-01-25,Hung Yen
2208369,Male,1993-06-20,Gia Lai
2209846,Male,1982-04-01,Thanh Hoa
2210529,Female,1973-03-20,TP. Ho Chi Minh
2211533,Female,1967-05-08,TP. Ho Chi Minh
2215216,Female,1988-05-01,Nghe An
2215648,Female,1987-11-14,Ha Noi
2222330,Male,1988-04-24,TP. Ho Chi Minh
2225155,Male,1989-08-15,Da Nang
2226018,Female,1982-10-16,TP. Ho Chi Minh
2226567,Male,1976-09-26,TP Ho Chi Minh
2226571,Female,1988-10-09,TP. Ho Chi Minh
2228088,Female,1996-01-01,Dong Nai
2231767,Female,1996-05-25,Hoa BInh
2232043,Female,1982-05-01,Dong Nai
2235592,Female,1970-02-28,TP. Ho Chi Minh
2235748,Male,1983-04-18,TP. Ho Chi Minh
2236229,Female,1978-09-10,TP. Ho Chi Minh
2236563,Female,1958-06-26,Ha Noi
2236617,Male,1982-02-17,Ha Noi
2238593,Male,1994-10-01,Quang Tri
2238595,Male,1984-11-17,TP. Ho Chi Minh
2240386,Male,1979-10-10,Thanh Hoa
2241357,Female,1980-06-12,TP. Ho Chi Minh
2242078,Female,1990-06-30,TP Ho Chi Minh
2242527,Female,1993-04-02,HO CHI MINH
2244658,Female,1990-09-21,TP. Ho Chi Minh
2245942,Male,1960-09-02,Ha Noi
2252059,Female,1996-05-12,TP. Ho Chi Minh
2252178,Male,1979-09-29,Dong Nai
2255292,Male,1960-06-07,Hoa Binh
2255436,Female,1985-10-09,Khanh Hoa
2255711,Female,1997-07-05,Bac Giang
2256815,Female,1982-02-17,Ha Noi
2258456,Male,1963-03-10,Hoa Binh
2259731,Female,1960-09-02,TP. Ho Chi Minh
2266925,Male,1969-02-28,Nghe An
2268080,Female,1978-08-12,TINH THANH HOA
2270608,Female,1993-08-10,TP. Ho Chi Minh
2270626,Male,1979-01-01,TP. Ho Chi Minh
2270690,Male,1991-03-25,Binh Duong
2271284,Male,1973-12-20,Quang Ninh
2273177,Female,1956-09-05,TP. Ho Chi Minh
2278000,Male,1981-10-18,Ha Noi
2281314,Male,1974-03-07,Ha Noi
2289129,Male,1985-03-07,Nghe An
2300440,Male,1978-11-16,Ha Noi
2305608,Male,1989-09-26,TP Ho Chi Minh
2311513,Female,1984-10-18,Da Nang
2313542,Male,1971-10-10,Nghe An
2316240,Female,1985-05-05,Ha Tinh
2319607,Male,1971-10-10,TP. Ho Chi Minh
2324494,Male,1985-12-18,Khanh Hoa
2324801,Female,1978-09-19,Tinh Dong Nai
2326357,Male,1988-03-04,TP. Ho Chi Minh
2329059,Female,1991-01-24,An Giang
2336459,Male,1959-04-16,Thua Thien - Hue
2341696,Male,1976-08-20,Thanh Hoa
2342346,Male,1959-07-13,Ha Noi
2343012,Male,1974-05-19,Hai Phong
2347961,Female,1983-11-08,Thua Thien - Hue
2349154,Female,1971-04-26,TP. Ho Chi Minh
2350194,Female,1982-01-27,An Giang
2351335,Female,1972-09-29,Thanh Hoa
2356542,Female,1970-04-14,Bac Giang
2356954,Male,1976-12-17,TP HCM
2361477,Female,1977-10-02,Ben Tre
2361847,Female,1972-01-01,Long An
2361965,Male,1971-10-01,Dong Thap
2363617,Female,1976-05-15,TP. Ho Chi Minh
2370567,Male,1983-06-02,TP. Ho Chi Minh
2378834,Female,1980-03-10,Gia Lai
2379857,Male,1983-01-01,Dong Nai
2379942,Male,1965-01-01,TP. Ho Chi Minh
2381538,Female,1983-08-13,Thanh Hoa
2386805,Female,1984-09-15,Dong Nai
2389841,Male,1982-11-29,Ha Noi
2390156,Male,1962-10-27,Gia Lai
2390202,Female,1977-04-18,TP. Ho Chi Minh
2399414,Female,1989-08-22,Dong Nai
2406535,Male,1986-02-08,THAI NGUYEN
2407294,Male,1991-10-30,Thanh pho Ha Noi
2407909,Female,1995-12-14,Hai Phong
2408035,Male,1986-02-27,Binh Duong
2408132,Male,1990-10-19,Gia Lai
2408276,Female,1994-01-01,Dong Thap
2408391,Male,1997-04-16,Ha Noi
2408942,Male,1997-06-16,Ha Noi
2409642,Female,1979-04-25,Dong Nai
2409844,Male,1997-11-12,Nam Dinh
2412056,Female,1972-01-01,HA NOI
2412085,Male,1988-10-20,Dong Nai
2414281,Female,1984-05-20,TP Ho Chi Minh
2418405,Male,1984-01-08,Quang Tri
2420570,Male,1982-06-25,TP. Ho Chi Minh
2420669,Male,1991-05-23,Ha Noi
2421175,Female,1989-09-20,Dong Nai
2421357,Male,1992-11-05,Vinh Phuc
2421491,Male,1982-08-31,Dong Nai
2426932,Female,1959-01-01,TP. Ho Chi Minh
2436088,Male,1986-01-01,Can Tho
2436266,Female,1948-09-06,Bac Giang
2436716,Female,1968-02-25,An Giang
2437880,Female,1994-04-10,Bac Giang
2441807,Male,1990-05-21,Ha Noi
2442180,Male,1975-08-24,An Giang
2446502,Male,1993-10-05,Hoa Binh
2446930,Male,1994-10-22,Thanh Hoa
2448901,Male,1977-10-18,Ha Noi
2453660,Female,1993-09-01,Tien Giang
2455398,Female,1984-01-01,Hoa Binh
2456658,Female,1972-11-24,Gia Lai
2458453,Male,1986-03-10,Hai Phong
2458698,Female,1963-08-16,TP. Ho Chi Minh
2459903,Male,1988-01-01,Dong Thap
2461814,Male,1970-10-17,Ha Noi
2462161,Female,1983-12-31,TP. Ho Chi Minh
2463825,Female,1960-01-01,Binh Duong
2466057,Female,1985-02-20,Binh Thuan
2470828,Female,1993-01-25,Nam Dinh
2471846,Male,1986-09-15,Ha Nam
2475660,Female,1972-07-26,Ha Noi
2477724,Male,1977-12-01,Bac Giang
2479842,Female,1993-07-20,Ha Noi
2482869,Male,1984-01-22,Da Nang
2487786,Male,1970-01-01,Vinh Long
2499538,Female,1974-10-22,HA NOI
2501322,Female,1986-10-09,Dong Nai
2501333,Male,1969-01-16,TP. Ho Chi Minh
2501813,Male,1982-06-10,Ha Nam
2508751,Male,1972-05-15,Binh Thuan
2510039,Female,1978-10-01,TP Ho Chi Minh
2510457,Female,1966-06-02,Ha Noi
2510458,Male,1982-02-01,Ha Noi
2511915,Female,1997-02-18,Nam Dinh
2512121,Female,1996-02-18,Ninh Binh
2512407,Male,1996-02-05,Nam Dinh
2512559,Male,1997-04-13,Ha Noi
2512560,Male,1994-11-15,Hung Yen
2513624,Female,1964-01-01,Ha Noi
2513750,Female,1995-10-21,Ha Noi
2514148,Male,1992-04-06,Bac Ninh
2514166,Male,1994-05-28,TP. Ho Chi Minh
2514397,Male,1989-01-01,Binh Duong
2515177,Male,1978-11-19,HCM
2516526,Male,1975-08-02,Bac Giang
2516552,Male,1991-03-03,Binh Duong
2516923,Female,1993-06-06,TP HCM
2516931,Male,1996-01-01,Ninh Binh
2516994,Female,1997-04-16,Ha Nam
2517743,Male,1995-01-20,Dien Bien
2518366,Male,1995-08-20,Ha Noi
2518440,Female,1997-08-31,Ha Noi
2518518,Female,1993-02-20,Ha Noi
2518537,Male,1992-12-19,Vinh Phuc
2518620,Female,1994-04-13,Nam Dinh
2519336,Female,1996-10-30,Ha Noi
2520465,Male,1985-04-20,Ha Noi
2522025,Male,1993-10-04,Ha Noi
2526062,Male,1997-04-20,Nam Dinh
2533856,Male,1988-11-20,Thai Nguyen
2534491,Female,1997-08-18,Da Nang
2534504,Female,1996-04-02,Da Nang
2534813,Female,1991-12-08,Da Nang
2535062,Male,1967-07-15,Ha Noi
2536570,Female,1981-11-12,TP. Ho Chi Minh
2537588,Female,1993-08-15,Hai Duong
2537706,Female,1982-12-01,Phu Tho
2538444,Male,1988-12-02,Phu Tho
2538713,Female,1989-04-20,TP. Ho Chi Minh
2538801,Female,1974-01-01,Quang Binh
2539649,Female,1995-06-24,THAI NGUYEN
2543124,Male,1991-01-01,TP. Ho Chi Minh
2543125,Male,1986-12-19,Dong Nai
2543900,Male,1996-03-03,Ha Nam
2545352,Female,1998-08-19,Thanh Hoa
2545635,Male,1990-01-10,Vinh Long
2548142,Female,1991-10-30,Dong Nai
2553144,Female,1993-03-25,TP. Ho Chi Minh
2562546,Male,1989-05-03,Thua Thien - Hue
2573973,Male,1981-02-03,Bac Giang
2575743,Male,1977-08-25,Kien Giang
2581757,Female,1981-09-10,Ha Tinh
2581873,Male,1976-08-12,Binh Duong
2583087,Female,1981-03-30,TP. Ho Chi Minh
2586490,Male,1990-12-07,Quang Ninh
2586664,Female,1980-08-05,Ha Noi
2587084,Male,1982-03-15,Ha Noi
2587109,Male,1993-09-16,Dong Nai
2588094,Male,1986-01-20,Thanh Hoa
2596925,Male,1969-07-20,Hai Phong
2599226,Male,1988-05-07,Thua Thien - Hue
2600469,Female,1990-07-24,TP. Ho Chi Minh
2609659,Female,1971-12-14,TP. Ho Chi Minh
2611301,Female,1970-08-13,TP. Ho Chi Minh
2612138,Male,1981-07-03,LONG AN
2613102,Female,1973-04-06,Bac Ninh
2617111,Male,1991-10-27,Ha noi
2622037,Female,1972-04-21,TP. Ho Chi Minh
2622372,Male,1980-06-27,Thua Thien - Hue
2630894,Male,1980-04-24,Vinh Phuc
2633338,Male,1986-07-15,Nghe An
2634462,Female,1974-09-15,Da Nang
2638031,Female,1976-05-20,Khanh Hoa
2638729,Male,1986-03-13,HA NAM
2642749,Male,1982-10-17,HA NOI
2643325,Female,1989-04-30,Tinh Bac Giang
2645233,Female,1992-10-10,Tinh Dong Nai
2655970,Male,1990-05-15,Thanh Hoa
2665604,Male,1988-08-06,Tinh Binh Duong
2666585,Male,1991-11-03,TP Ho Chi Minh
2669929,Male,1975-02-17,TP. Ho Chi Minh
2672169,Male,1976-02-12,BA RIA VUNG TAU
2678240,Female,1981-03-12,Hai Phong
2682014,Male,1977-12-26,Ha Noi
2682435,Male,1967-01-01,Nam Dinh
2683431,Male,1992-12-26,Ninh Binh
2684574,Female,1980-11-27,Ha Noi
2690491,Male,1994-03-13,TP. Ho Chi Minh
2694996,Male,1980-02-15,Da Nang
2696947,Male,1986-11-01,Hai Duong
2702210,Male,1977-01-16,Ha Noi
2705013,Female,1984-05-20,Dong Nai
2707941,Male,1980-01-30,Dong Nai
2709791,Male,1991-11-28,Hai Duong
2710031,Male,1960-10-05,Nam Dinh
2720371,Female,1986-01-02,TP Ho Chi Minh
272510,Female,1984-03-30,Hoa Binh
2734511,Female,1953-01-19,Ha Noi
2734645,Male,1989-05-04,Nam Dinh
2736482,Female,1972-09-09,Dong Nai
2740630,Female,1986-05-29,TP Ho Chi Minh
2746758,Female,1993-10-21,HA TINH
2746920,Male,1977-03-18,Bac Ninh
2755798,Male,1987-11-01,Thanh Hoa
2778062,Male,1990-06-20,Nam Dinh
2785958,Female,1982-04-24,Ha Noi
2788526,Male,1984-01-05,Ha Noi
2790413,Male,1991-01-01,Long An
2791801,Female,1980-02-17,Nghe An
2793413,Female,1971-02-28,HCM
2793621,Male,1972-07-24,Da Nang
2795803,Female,1974-02-10,Hai Phong
2795807,Female,1989-09-14,Hai Duong
2795923,Male,1996-12-20,HCM
2795980,Male,1976-07-20,Ha Noi
2797215,Female,1990-10-25,Binh Phuoc
2800987,Female,1966-01-01,Dong Thap
2802461,Female,1988-12-22,Bac Giang
2805705,Male,1978-10-14,Phu Tho
2811892,Male,1971-10-20,38
2812011,Female,1988-01-06,Thanh Hoa
2812298,Male,1986-03-25,Hai Duong
2812318,Male,1980-08-08,HA NOI
2815227,Male,1992-07-10,Bac Ninh
2815813,Male,1983-06-03,TP HCM
2818442,Female,1968-09-18,Da Nang
2820250,Female,1987-02-26,Ba Ria - Vung Tau
2821977,Male,1986-05-25,Binh Thuan
2822637,Male,1980-07-19,Bac Giang
2824187,Female,1985-10-24,Nam Dinh
2834402,Female,1983-07-11,Ha Noi
2837909,Female,1994-07-28,Nam Dinh
2838341,Female,1984-08-12,Ha Noi
28578,Male,1974-08-19,Ha Noi
2847732,Male,1969-08-27,HA NOI
2848241,Female,1980-05-10,HOA BINH
2849009,Male,1986-07-27,Quang Ninh
2853028,Female,1979-08-11,Hai Phong
2855017,Male,1989-10-06,Ninh Binh
2856443,Female,1967-08-07,Tinh Thanh Hoa
28711,Male,1972-05-23,Ha Noi
2860807,Female,1989-10-01,Dong Nai
2861135,Female,1994-11-27,Hai Duong
2861272,Male,1989-02-24,Dong Nai
286415,Female,1982-12-13,NA
2868223,Female,1964-06-12,Quang Binh
2868504,Female,1984-04-04,Nghe An
2875967,Female,1974-10-02,Ha Noi
2884303,Male,1970-03-03,Hai Phong
2885390,Male,1982-04-14,TP. Ho Chi Minh
2889492,Male,1960-05-19,NINH BINH
2895334,Male,1989-10-23,Thanh pho Ha Noi
2895813,Female,1964-03-27,An Giang
2896904,Male,1976-10-17,Nghe An
2905156,Male,1986-01-20,TP. Ho Chi Minh
2906899,Female,1967-01-30,TP. Ho Chi Minh
2907211,Male,1973-05-17,Binh Duong
2908641,Female,1981-07-04,Bac Giang
2910944,Male,1991-10-30,Bac Giang
2911538,Male,1977-01-05,TP. Ho Chi Minh
2915560,Female,1987-06-16,Hai Duong
2925062,Female,1991-11-20,TP. Ho Chi Minh
2926908,Male,1984-03-21,Thai Nguyen
2939768,Male,1984-10-21,TP. Ho Chi Minh
2940357,Female,1989-08-21,Ha Noi
2940811,Male,1980-12-08,TP. Ho Chi Minh
2948877,Female,1975-09-03,Thanh pho Ha Noi
2967932,Male,1983-07-28,HA NOI
2968626,Male,1983-01-29,Ha Noi
2968693,Male,1970-12-28,Da Nang
29816,Female,1961-10-14,Quang Ninh
2989640,Female,1978-08-26,Nghe An
2995720,Male,1988-11-04,TP. Ho Chi Minh
3000727,Male,1978-06-15,Bac Giang
3005371,Female,1968-01-06,Hoa Binh
3015456,Male,1981-04-12,Ha Noi
3016860,Female,1958-12-29,Ha Noi
3019096,Male,1994-07-06,Dong Nai
3020845,Female,1975-06-06,THANH HOA
3029628,Male,1979-04-22,TP. Ho Chi Minh
3034193,Female,1964-07-15,Dong Nai
3035270,Male,1974-02-17,THUA THIEN HUE
3037539,Female,1981-02-28,TP. Ho Chi Minh
3042196,Female,1979-07-19,HA NOI
3044718,Female,1991-08-20,TIEN GIANG
3060854,Male,1988-12-08,TP. Ho Chi Minh
3062755,Male,1982-10-30,Thai Nguyen
3062915,Male,1990-05-25,HAI PHONG
3063467,Female,1979-07-19,TP. Ho Chi Minh
3065565,Male,1991-07-17,Ha Noi
3066320,Female,1976-02-25,Tien Giang
3074290,Female,1983-05-09,Ha Noi
3075245,Male,1994-05-20,Tinh Long An
3079055,Female,1993-12-14,Dong Nai
3080636,Male,1989-03-08,Da Nang
3088848,Male,1972-05-13,TP. Ho Chi Minh
3094344,Male,1983-02-03,TP. Ho Chi Minh
3103530,Male,1991-10-18,Nghe An
3106750,Male,1988-08-20,Da Nang
3113912,Male,1985-05-20,TP Ho Chi Minh
3115170,Female,1992-09-06,Da Nang
3118782,Male,1977-10-25,Dong Thap
3120170,Male,1985-10-20,Quang Tri
3122377,Male,1985-08-28,Hai Duong
3122644,Male,1989-09-21,TP. Ho Chi Minh
3132474,Male,1985-02-18,HA NOI
3136683,Male,1975-04-02,Dong Nai
3141910,Male,1983-10-15,TP. Ho Chi Minh
3147158,Female,1990-10-20,Hai Phong
3149986,Female,1991-01-21,Thai Binh
3156024,Male,1983-09-26,Ha Noi
3159751,Male,1981-07-27,Hai Phong
3161081,Female,1975-01-01,Dong Thap
3163449,Female,1973-11-12,Thai Nguyen
3166066,Female,1986-09-21,TP. Ho Chi Minh
3168110,Male,1960-04-30,Hai Phong
3177840,Female,1987-10-30,Ninh Binh
3185824,Male,1981-12-14,TP. Ho Chi Minh
3188974,Female,1967-07-06,Phu Tho
3198035,Male,1994-02-14,Ha Noi
3198389,Female,1969-03-23,Ha Noi
3198392,Female,1993-10-07,TP. Ho Chi Minh
3200046,Male,1986-11-16,Bac Ninh
3200971,Male,1986-01-09,Nam Dinh
3212884,Female,1990-06-04,TP. Ho Chi Minh
3218078,Male,1989-10-25,Hai Phong
3219071,Male,1986-02-19,Ha Noi
3228872,Female,1986-04-24,Tien Giang
3229361,Male,1994-10-27,Ba Ria - Vung Tau
3232537,Male,1983-12-08,TP Ho Chi Minh
3232691,Male,1979-07-14,Thanh Hoa
3236592,Male,1972-06-01,BAC GIANG
3238131,Male,1984-11-08,VINH LONG
3241404,Male,1985-04-25,Thai Nguyen
3242860,Female,1992-05-19,Thai Nguyen
3251135,Female,1968-11-24,Binh Duong
3252605,Female,1984-01-03,Kien Giang
3258329,Male,1977-02-06,TP. Ho Chi Minh
3260471,Male,1979-05-13,Ha Noi
3264790,Male,1989-03-18,Ha Noi
3265281,Female,1985-05-05,Thanh Hoa
3267593,Female,1979-01-01,Long An
3268191,Male,1976-03-30,Binh Duong
3268230,Female,1977-09-08,Nghe An
3269003,Female,1971-07-15,HA NOI
3270230,Male,1980-05-19,Binh Duong
3271450,Male,1979-06-19,Kien Giang
3271975,Female,1968-08-22,Hai Phong
3272535,Female,1993-05-15,Binh Duong
3274407,Female,1981-01-01,Long An
3279079,Male,1983-10-22,Hoa Binh
3286661,Female,1967-01-01,Dong Nai
3287084,Male,1981-06-27,Lam Dong
3288786,Male,1977-08-25,Nam Dinh
3289226,Male,1987-12-12,LAM DONG
3294034,Female,1973-01-01,An Giang
3298351,Male,1978-01-01,Binh Duong
3300162,Male,1980-12-15,Binh Dinh
3302052,Female,1991-05-25,Vinh Phuc
3302672,Male,1977-06-01,TP. Ho Chi Minh
3306666,Female,1989-05-01,Thanh Hoa
3309070,Male,1993-12-04,TP. Ho Chi Minh
3309369,Male,1991-09-23,2
3310815,Male,1982-10-05,Da Nang
3311027,Female,1995-05-23,Quang Ninh
3312070,Male,1966-06-10,Long An
3313095,Female,1981-02-10,Da Nang
3313405,Female,1971-08-19,THANH HOA
3313418,Male,1987-07-27,Thua Thien - Hue
3313871,Female,1992-05-21,Vinh Phuc
3314153,Other,1950-12-27,HA NOI
3314657,Male,1979-09-05,Thanh pho Ha Noi
3314880,Female,1996-11-20,DA NANG
3314999,Female,1963-05-09,TP Ho Chi Minh
3315006,Male,1996-07-02,Vinh Long
3315101,Male,1994-05-21,44
3315725,Female,1983-01-22,Ha Noi
3315800,Male,1981-10-21,Thanh pho Ha Noi
3315982,Female,1979-01-01,TP. Ho Chi Minh
3316078,Female,1984-09-18,Nam Dinh
3316426,Female,1975-01-01,TP. Ho Chi Minh
3316607,Female,1995-04-14,Ha Noi
3317604,Female,1992-06-10,Thua Thien - Hue
3318179,Female,1980-04-08,VINH PHUC
3318410,Female,1972-08-07,Thai Binh
3319392,Male,1988-01-08,Nam Dinh
3319971,Male,1974-03-04,Ha Noi
3319975,Female,1982-07-11,Hai Phong
3320310,Male,1993-06-01,TP. Ho Chi Minh
3320587,Female,1983-04-11,Thanh pho Ha Noi
3320920,Female,1992-12-24,TP. Ho Chi Minh
3320964,Male,1990-01-08,TP. Ho Chi Minh
3321063,Female,1990-07-12,TP Ho Chi Minh
3321269,Female,1985-12-11,An Giang
3321492,Male,1974-07-18,TP. Ho Chi Minh
3321531,Female,1976-05-04,Ha Noi
3322006,Female,1985-11-25,Ha Noi
3322020,Female,1980-08-01,Nghe An
3322098,Female,1968-09-04,Quang Ninh
3322520,Male,1968-11-21,Tinh Long An
3322540,Male,1989-09-09,2
3322986,Female,1963-09-29,VINH PHUC
3322987,Male,1991-01-10,Ha Noi
3323066,Female,1975-10-27,TP. Ho Chi Minh
3323262,Male,1998-10-26,Da Nang
3323582,Female,1992-08-17,Quang Tri
3323839,Female,1975-01-18,TP. Ho Chi Minh
3323865,Female,2011-03-03,Binh Dinh
3324344,Male,1978-10-13,Ben Tre
3324592,Female,1963-12-28,Long An
3325441,Female,1992-07-28,Long An
3326041,Female,1975-10-31,Da Nang
3326443,Female,1990-06-20,Quang Ninh
3327368,Female,1956-05-25,Hai Phong
3327602,Female,1986-02-06,An Giang
3328400,Male,1972-06-05,An Giang
3330262,Male,1992-01-24,TP. Ho Chi Minh
3330374,Male,1985-01-01,Dong Thap
3330553,Female,1980-08-12,TP Ho Chi Minh
3330953,Male,1978-11-12,Can Tho
3331192,Male,1982-08-06,Vinh Phuc
3331234,Male,1973-07-20,Khanh Hoa
3331661,Male,1994-05-21,Dong Nai
3332555,Female,1969-08-26,Thai Nguyen
3332958,Female,1989-12-20,49
3333199,Female,1981-02-25,TP. Ho Chi Minh
3333235,Female,1962-10-28,Ha Noi
3334166,Female,1993-05-28,TP. Ho Chi Minh
3334735,Male,1969-03-18,Ha Noi
3335590,Male,1991-01-02,TP. Ho Chi Minh
3336848,Male,1981-11-10,Binh Duong
33489,Female,1979-02-13,Hai Phong
3337970,Male,1982-04-11,Hai Phong
3338845,Male,1991-02-01,Ba Ria - Vung Tau
3339175,Male,1988-03-01,Thua Thien - Hue
3339384,Male,1962-04-22,TP Ho Chi Minh
3339425,Male,1982-10-27,Thai Binh
3341109,Male,1981-05-12,Ha Noi
3341312,Male,1986-04-11,1
3341936,Female,1991-04-14,Quang Binh
3342442,Female,1975-08-06,TP. Ho Chi Minh
3342510,Male,1981-02-28,Khanh Hoa
3342556,Female,1992-05-26,TP. Ho Chi Minh
3342924,Male,1983-01-01,Da Nang
3342946,Female,1969-11-16,Ha Noi
3343952,Male,1991-09-05,HA NOI
3344134,Male,1993-10-22,TP. Ho Chi Minh
3344225,Female,1984-04-20,Ha Noi
3344268,Male,1985-02-13,TP. Ho Chi Minh
3344270,Male,1976-05-15,TP. Ho Chi Minh
3344657,Female,1987-06-02,Thanh Hoa
3345242,Male,1981-08-01,Vinh Phuc
3345605,Female,1972-01-01,VINH LONG
3345704,Male,1991-09-10,Da Nang
3347278,Male,1991-08-08,An Giang
3348048,Male,1984-09-22,DONG NAI
3348259,Female,1995-10-15,Binh Duong
3348276,Male,1955-05-05,Da Nang
3348315,Male,1982-01-26,Thanh Hoa
3352476,Male,1983-05-05,HA NOI
3357989,Male,1987-03-10,TP Ho Chi Minh
3359227,Male,1971-08-10,TP. Ho Chi Minh
3370967,Male,1986-01-21,Ha Noi
3372835,Male,1984-01-01,Dong Thap
3373799,Male,1989-11-30,Quang Tri
3380532,Male,1988-10-22,Long An
3388324,Male,1982-01-15,Ha Noi
3390250,Female,1986-05-01,Hai Phong
3396435,Male,1958-09-12,TP Ho Chi Minh
3396514,Male,1973-08-12,Ha Noi
3396892,Male,1985-08-10,NAM DINH
3397000,Female,1980-05-19,Dong Nai
3403839,Female,1969-01-01,Tien Giang
3405252,Female,1982-07-17,HA NOI
3405693,Male,1974-11-10,TP. Ho Chi Minh
3407264,Female,1972-03-16,DONG NAI
3410344,Male,1990-04-19,Ha Noi
3410610,Female,1988-02-11,TP. Ho Chi Minh
3410936,Male,1994-05-10,TP. Ho Chi Minh
3424052,Female,1969-04-15,Nghe An
352975,NA,1978-05-07,NA
363967,Male,1981-03-16,Quang Tri
389788,Female,1975-11-13,TP. Ho Chi Minh
410192,Female,1954-03-08,NA
419086,Male,2008-07-28,Thanh Hoa
465242,Male,1967-09-01,Phu Tho
470901,Male,1960-01-01,Thua Thien - Hue
491810,Female,1981-09-05,Ha Noi
513274,Female,1971-09-02,Ha Noi
523937,Female,1973-03-16,TP. Ho Chi Minh
528288,Male,1985-07-10,Ha Tinh
538284,Female,1970-06-26,Da Nang
549225,Male,1980-01-04,Thua Thien - Hue
550078,Male,1987-09-16,HA NOI
552381,Male,1987-01-10,Ha Noi
557022,Male,1979-08-07,Ha Noi
560638,Female,1981-06-05,Ha Noi
564969,Female,1982-06-26,Quang Binh
567296,Female,1969-02-14,Ha Noi
570002,Female,1979-08-30,Quang Binh
571309,Female,1984-04-20,TP. Ho Chi Minh
572365,Female,1969-11-23,TP. Ho Chi Minh
583616,Male,1984-08-22,Hai Phong
629658,Male,1990-02-02,TP. Ho Chi Minh
635025,Male,1980-12-16,Gia Lai
655193,Female,1958-09-02,Ha Noi
673727,Male,1961-01-01,Long An
686270,Male,1987-02-25,TP. Ho Chi Minh
699279,Male,1984-09-09,Quang Tri
712435,Male,1969-04-20,Quang Tri
721826,Male,1969-10-16,Ha Noi
728194,Female,1970-07-06,BINH THUAN
7842,Female,1981-06-16,Ha Noi
793672,Female,1986-02-20,TP. Ho Chi Minh
797219,Male,1977-10-13,TP. Ho Chi Minh
815571,Male,1976-06-05,Can Tho
833004,Female,1977-08-19,Nam Dinh
845382,Female,1990-10-03,Vinh Phuc
850370,Female,1984-10-31,Ha Noi
851911,Male,1980-04-26,TP. Ho Chi Minh
857973,Male,1985-05-10,Thanh Hoa
858586,Male,1968-02-15,Kien Giang
859083,Male,1959-07-10,TP. Ho Chi Minh
884880,Male,1975-02-26,Hai Phong
893845,Female,1951-10-16,TP. Ho Chi Minh
92495,Female,1961-03-15,Ha Noi
939588,Male,1988-02-03,Binh Duong
941355,Male,1982-11-30,Long An
954134,Male,1972-09-25,Ha Noi
954707,Male,1974-02-14,Ha Noi
959094,Male,1991-07-20,Khanh Hoa
963997,Male,1956-12-11,Nam Dinh
965165,Female,1958-08-06,TP. Ho Chi Minh
965445,Female,1982-05-31,Ha Tinh
966932,Male,1986-10-13,TP. Ho Chi Minh
968060,Male,1978-12-27,Nghe An
969158,Female,1989-07-21,TP. Ho Chi Minh
969321,Male,1986-10-03,TP. Ho Chi Minh
969863,Female,1970-07-16,Dong Nai
971138,Male,1973-12-19,Ha Tinh
971184,Female,1979-10-10,Binh Duong
971228,Male,1990-06-06,Ha Noi
971422,Female,1971-02-24,TP. Ho Chi Minh
971704,Male,1985-07-30,Ha Noi
971758,Male,1960-06-17,Tinh Binh Duong
971833,Male,1957-05-01,Ha Noi
972070,Male,1987-12-20,Long An
972195,Female,1973-02-09,Ha Noi
972625,Male,1969-09-07,TP. Ho Chi Minh
973008,Female,1978-01-01,Binh Duong
973064,Male,1985-08-18,Hai Duong
973850,Female,1985-03-26,TP. Ho Chi Minh
973908,Female,1988-02-16,TP. Ho Chi Minh
974371,Male,1965-01-01,Ha Tinh
974531,Female,1962-08-23,Nam Dinh
974962,Female,1986-09-16,Ha Noi
975063,Female,1950-02-27,Ha Noi
975188,Male,1992-02-03,Bac Giang
977479,Female,1974-10-15,Ha Noi
977624,Female,1983-11-09,Ha Noi
977736,Female,1964-12-16,TP. Ho Chi Minh
977868,Male,1985-03-03,Dong Nai
979869,Female,1978-04-02,Ha Tinh
979958,Female,1989-06-01,Vinh Phuc
980557,Male,1967-05-23,Ba Ria - Vung Tau
980696,Male,1961-03-06,TP. Ho Chi Minh
980930,Male,1977-02-11,TP. Ho Chi Minh
980975,Female,1973-01-01,Binh Duong
982052,Male,1964-04-04,Bac Giang
982138,Female,1992-02-01,TP. Ho Chi Minh
984458,Female,1968-02-25,Thua Thien - Hue
984536,Female,1967-01-01,Dong Nai
984681,Male,1975-10-10,Nam Dinh
984685,Male,1970-09-29,Nam Dinh
985713,Male,1985-03-22,Ha Noi
985799,Male,1981-04-25,TP. Ho Chi Minh
986094,Female,1952-10-01,Nam Dinh
986209,Male,1991-12-26,TP. Ho Chi Minh
986341,Male,1986-03-30,TP. Ho Chi Minh
986540,Male,1984-03-01,Binh Duong
986541,Female,1991-04-18,Long An
987060,Male,1982-01-01,TP. Ho Chi Minh
987187,Female,1992-09-05,Quang Ninh
988224,Male,1957-04-06,TP. Ho Chi Minh
989107,Male,1988-06-22,Quang Binh
989217,Female,1972-06-08,Khanh Hoa
990093,Female,1977-02-05,TP. Ho Chi Minh
990256,Female,1967-01-01,TP. Ho Chi Minh
990364,Male,1954-08-04,Thua Thien - Hue
990406,Female,1987-06-04,Ba Ria - Vung Tau
990661,Male,1977-02-11,Ha Tinh
990770,Female,1952-07-13,Ha Noi
992562,Female,1977-03-25,Ha Noi
992825,Female,1967-11-05,Thai Binh
992826,Male,1977-01-10,Quang Binh
992872,Female,1966-06-05,TP. Ho Chi Minh
992976,Male,1988-01-13,TP. Ho Chi Minh
993123,Female,1985-01-11,Hoa Binh
993535,Female,1967-05-20,Hai Duong
993625,Female,1996-10-20,Dong Thap
993837,Male,1987-07-13,Ha Noi
993838,Male,1959-05-10,Ha Noi
994489,Male,1958-05-04,Ha Noi
994647,Male,1959-02-02,Ha Noi
994735,Male,1968-10-19,Ha Noi
994868,Male,1959-10-26,Ha Noi
994918,Male,1992-08-02,Ha Noi
995101,Male,1987-12-21,Ha Noi
995256,Female,1957-03-03,Ha Noi
995293,Female,1984-08-05,Ha Noi
995679,Female,1965-01-01,Nam Dinh
995693,Female,1956-01-19,Bac Giang
995807,Male,1970-02-28,Ha Noi
995810,Male,1973-05-01,Ha Noi
996115,Male,1983-09-03,Phu Tho
996138,Male,1956-09-26,Phu Tho
996184,Female,1989-03-03,Dong Nai
996223,Male,1952-02-04,Hoa Binh
996291,Female,1981-08-22,Binh Duong
996375,Female,1978-10-13,Phu Tho
996436,Male,1990-07-13,Ha Noi
996580,Female,1976-01-01,Kien Giang
997277,Male,1986-11-03,Ha Noi
